<?xml version="1.0" encoding="UTF-8"?>
<allClasses>
   <apiPackage id="com.asual.swfaddress">
      <apiName>com.asual.swfaddress</apiName>
      <apiDetail/>
      <apiClassifier id="com.asual.swfaddress:SWFAddress">
         <apiName>SWFAddress</apiName>
         <shortdesc>
     SWFAddress class.</shortdesc>
         <prolog>
            <asMetadata/>
         </prolog>
         <apiClassifierDetail>
            <apiClassifierDef>
               <apiAccess value="public"/>
               <apiStatic/>
               <apiBaseClassifier>Object</apiBaseClassifier>
            </apiClassifierDef>
            <apiDesc>
     SWFAddress class. 
     </apiDesc>
         </apiClassifierDetail>
         <Keywords>
            <meta name="keywords"
                  content="SWFAddress,com.asual.swfaddress.SWFAddress,CHANGE,EXTERNAL_CHANGE,INIT,INTERNAL_CHANGE,currentTarget,onChange,onInit,parameterNames,parameters,path,pathNames,target,type,value,addEventListener,back,clone,dispatchEvent,forward,getBaseURL,getHistory,getParameter,getParameterNames,getPath,getPathNames,getQueryString,getStatus,getStrict,getTitle,getTracker,getValue,go,hasEventListener,href,popup,removeEventListener,resetStatus,setHistory,setStatus,setStrict,setTitle,setTracker,setValue,toString,up"/>
         </Keywords>
      </apiClassifier>
      <apiClassifier id="com.asual.swfaddress:SWFAddressEvent">
         <apiName>SWFAddressEvent</apiName>
         <shortdesc>
     Event class for SWFAddress.</shortdesc>
         <prolog>
            <asMetadata/>
         </prolog>
         <apiClassifierDetail>
            <apiClassifierDef>
               <apiAccess value="public"/>
               <apiStatic/>
               <apiBaseClassifier>flash.events:Event</apiBaseClassifier>
            </apiClassifierDef>
            <apiDesc>
     Event class for SWFAddress.
     </apiDesc>
         </apiClassifierDetail>
         <Keywords>
            <meta name="keywords"
                  content="SWFAddressEvent,com.asual.swfaddress.SWFAddressEvent,CHANGE,EXTERNAL_CHANGE,INIT,INTERNAL_CHANGE,currentTarget,onChange,onInit,parameterNames,parameters,path,pathNames,target,type,value,addEventListener,back,clone,dispatchEvent,forward,getBaseURL,getHistory,getParameter,getParameterNames,getPath,getPathNames,getQueryString,getStatus,getStrict,getTitle,getTracker,getValue,go,hasEventListener,href,popup,removeEventListener,resetStatus,setHistory,setStatus,setStrict,setTitle,setTracker,setValue,toString,up"/>
         </Keywords>
      </apiClassifier>
   </apiPackage>
   <apiPackage id="org.robotlegs.adapters">
      <apiName>org.robotlegs.adapters</apiName>
      <apiDetail/>
      <apiClassifier id="org.robotlegs.adapters:ExtendedInjector">
         <apiName>ExtendedInjector</apiName>
         <shortdesc>
	 
	 
	 </shortdesc>
         <prolog>
            <author>r.moorman
	 </author>
            <asMetadata/>
         </prolog>
         <apiClassifierDetail>
            <apiClassifierDef>
               <apiAccess value="public"/>
               <apiStatic/>
               <apiBaseClassifier>org.robotlegs.adapters:SwiftSuspendersInjector</apiBaseClassifier>
            </apiClassifierDef>
            <apiDesc>
	 
	 
	 </apiDesc>
         </apiClassifierDetail>
         <Keywords>
            <meta name="keywords"
                  content="ExtendedInjector,org.robotlegs.adapters.ExtendedInjector,createChild"/>
         </Keywords>
      </apiClassifier>
   </apiPackage>
   <apiPackage id="org.robotlegs.base">
      <apiName>org.robotlegs.base</apiName>
      <apiDetail/>
      <apiClassifier id="org.robotlegs.base:PluginMap">
         <apiName>PluginMap</apiName>
         <shortdesc>
	 Abstract implementation of IPluginMap.</shortdesc>
         <prolog>
            <author>r.moorman
	 </author>
            <asMetadata/>
         </prolog>
         <apiClassifierDetail>
            <apiClassifierDef>
               <apiAccess value="public"/>
               <apiStatic/>
               <apiBaseInterface>org.robotlegs.core:IPluginMap</apiBaseInterface>
               <apiBaseClassifier>org.robotlegs.base:ViewMapBase</apiBaseClassifier>
            </apiClassifierDef>
            <apiDesc>
	 Abstract implementation of <codeph>IPluginMap</codeph>.
	 
	 </apiDesc>
         </apiClassifierDetail>
         <Keywords>
            <meta name="keywords"
                  content="PluginMap,org.robotlegs.base.PluginMap,addListeners,addPlugin,hasPlugin,onViewAdded,onViewRemoved,removeListeners,removePlugin"/>
         </Keywords>
      </apiClassifier>
   </apiPackage>
   <apiPackage id="org.robotlegs.core">
      <apiName>org.robotlegs.core</apiName>
      <apiDetail/>
      <apiClassifier id="org.robotlegs.core:IASyncCommand">
         <apiName>IASyncCommand</apiName>
         <shortdesc>
	 Abstract IASyncCommand interface.</shortdesc>
         <prolog>
            <author>r.moorman
	 https://github.com/moorinteractive/as3-robotlegs-library/wiki/asyncmacrocommand
	 </author>
            <asMetadata/>
         </prolog>
         <apiClassifierDetail>
            <apiClassifierDef>
               <apiInterface/>
               <apiAccess value="public"/>
               <apiStatic/>
               <apiBaseClassifier/>
            </apiClassifierDef>
            <apiDesc>
	 Abstract <codeph>IASyncCommand</codeph> interface.
	 
	 </apiDesc>
         </apiClassifierDetail>
         <Keywords>
            <meta name="keywords"
                  content="IASyncCommand,org.robotlegs.core.IASyncCommand,addPlugin,hasPlugin,removePlugin,setOnComplete"/>
         </Keywords>
      </apiClassifier>
      <apiClassifier id="org.robotlegs.core:IPluginMap">
         <apiName>IPluginMap</apiName>
         <shortdesc>
	 The interface definition for PluginMap.</shortdesc>
         <prolog>
            <author>r.moorman
	 </author>
            <asMetadata/>
         </prolog>
         <apiClassifierDetail>
            <apiClassifierDef>
               <apiInterface/>
               <apiAccess value="public"/>
               <apiStatic/>
               <apiBaseClassifier/>
            </apiClassifierDef>
            <apiDesc>
	 The interface definition for <codeph>PluginMap</codeph>.
	 
	 </apiDesc>
         </apiClassifierDetail>
         <Keywords>
            <meta name="keywords"
                  content="IPluginMap,org.robotlegs.core.IPluginMap,addPlugin,hasPlugin,removePlugin,setOnComplete"/>
         </Keywords>
      </apiClassifier>
   </apiPackage>
   <apiPackage id="org.robotlegs.mvcs">
      <apiName>org.robotlegs.mvcs</apiName>
      <apiDetail/>
      <apiClassifier id="org.robotlegs.mvcs:ASyncMacroCommand">
         <apiName>ASyncMacroCommand</apiName>
         <shortdesc>
	 Abstract ASyncMacroCommand implementation.</shortdesc>
         <prolog>
            <author>r.moorman
	 https://github.com/moorinteractive/as3-robotlegs-library/wiki/asyncmacrocommand
	 </author>
            <asMetadata/>
         </prolog>
         <apiClassifierDetail>
            <apiClassifierDef>
               <apiAccess value="public"/>
               <apiStatic/>
               <apiBaseInterface>org.robotlegs.core:IASyncCommand</apiBaseInterface>
               <apiBaseClassifier>org.robotlegs.mvcs:Command</apiBaseClassifier>
            </apiClassifierDef>
            <apiDesc>
	 Abstract <codeph>ASyncMacroCommand</codeph> implementation.
	 
	 </apiDesc>
         </apiClassifierDetail>
         <Keywords>
            <meta name="keywords"
                  content="ASyncMacroCommand,org.robotlegs.mvcs.ASyncMacroCommand,contextView,pluginMap,reflector,reflector,addSubCommand,addSubCommand,commandComplete,createInjector,execute,execute,executeNextCommand,initializeASyncMacroCommand,initializeMacroCommandCommand,mapInjections,onPostConstruct,onPostConstruct,setOnComplete,setOnComplete"/>
         </Keywords>
      </apiClassifier>
      <apiClassifier id="org.robotlegs.mvcs:MacroCommand">
         <apiName>MacroCommand</apiName>
         <shortdesc>
	 Abstract MacroCommand implementation.</shortdesc>
         <prolog>
            <author>r.moorman
	 https://github.com/moorinteractive/as3-robotlegs-library/wiki/macrocommand
	 </author>
            <asMetadata/>
         </prolog>
         <apiClassifierDetail>
            <apiClassifierDef>
               <apiAccess value="public"/>
               <apiStatic/>
               <apiBaseClassifier>org.robotlegs.mvcs:Command</apiBaseClassifier>
            </apiClassifierDef>
            <apiDesc>
	 Abstract <codeph>MacroCommand</codeph> implementation.
	 
	 </apiDesc>
         </apiClassifierDetail>
         <Keywords>
            <meta name="keywords"
                  content="MacroCommand,org.robotlegs.mvcs.MacroCommand,contextView,pluginMap,reflector,reflector,addSubCommand,addSubCommand,commandComplete,createInjector,execute,execute,executeNextCommand,initializeASyncMacroCommand,initializeMacroCommandCommand,mapInjections,onPostConstruct,onPostConstruct,setOnComplete,setOnComplete"/>
         </Keywords>
      </apiClassifier>
      <apiClassifier id="org.robotlegs.mvcs:ASyncCommand">
         <apiName>ASyncCommand</apiName>
         <shortdesc>
	 Abstract ASyncCommand implementation.</shortdesc>
         <prolog>
            <author>r.moorman
	 https://github.com/moorinteractive/as3-robotlegs-library/wiki/asynccommand
	 </author>
            <asMetadata/>
         </prolog>
         <apiClassifierDetail>
            <apiClassifierDef>
               <apiAccess value="public"/>
               <apiStatic/>
               <apiBaseInterface>org.robotlegs.core:IASyncCommand</apiBaseInterface>
               <apiBaseClassifier>org.robotlegs.mvcs:Command</apiBaseClassifier>
            </apiClassifierDef>
            <apiDesc>
	 Abstract <codeph>ASyncCommand</codeph> implementation.
	 
	 </apiDesc>
         </apiClassifierDetail>
         <Keywords>
            <meta name="keywords"
                  content="ASyncCommand,org.robotlegs.mvcs.ASyncCommand,addSubCommand,addSubCommand,commandComplete,createInjector,execute,execute,executeNextCommand,initializeASyncMacroCommand,initializeMacroCommandCommand,mapInjections,onPostConstruct,onPostConstruct,setOnComplete,setOnComplete"/>
         </Keywords>
      </apiClassifier>
      <apiClassifier id="org.robotlegs.mvcs:ExtendedContext">
         <apiName>ExtendedContext</apiName>
         <shortdesc>
	 
	 
	 </shortdesc>
         <prolog>
            <author>r.moorman
	 </author>
            <asMetadata/>
         </prolog>
         <apiClassifierDetail>
            <apiClassifierDef>
               <apiAccess value="public"/>
               <apiStatic/>
               <apiBaseClassifier>org.robotlegs.mvcs:Context</apiBaseClassifier>
            </apiClassifierDef>
            <apiDesc>
	 
	 
	 </apiDesc>
         </apiClassifierDetail>
         <Keywords>
            <meta name="keywords"
                  content="ExtendedContext,org.robotlegs.mvcs.ExtendedContext,contextView,pluginMap,reflector,reflector,addSubCommand,addSubCommand,commandComplete,createInjector,execute,execute,executeNextCommand,initializeASyncMacroCommand,initializeMacroCommandCommand,mapInjections,onPostConstruct,onPostConstruct,setOnComplete,setOnComplete"/>
         </Keywords>
      </apiClassifier>
   </apiPackage>
   <apiPackage id="org.robotlegs.patterns.plugin.type.view.dealloc">
      <apiName>org.robotlegs.patterns.plugin.type.view.dealloc</apiName>
      <apiDetail/>
      <apiClassifier id="org.robotlegs.patterns.plugin.type.view.dealloc:IDealloc">
         <apiName>IDealloc</apiName>
         <shortdesc>
	 The interface definition for a viewComponent which is automated by the DeallocPlugin.</shortdesc>
         <prolog>
            <author>r.moorman
	 </author>
            <asMetadata/>
         </prolog>
         <apiClassifierDetail>
            <apiClassifierDef>
               <apiInterface/>
               <apiAccess value="public"/>
               <apiStatic/>
               <apiBaseClassifier/>
            </apiClassifierDef>
            <apiDesc>
	 The interface definition for a viewComponent which is automated by the <codeph>DeallocPlugin</codeph>.
	 
	 </apiDesc>
         </apiClassifierDetail>
         <Keywords>
            <meta name="keywords"
                  content="IDealloc,org.robotlegs.patterns.plugin.type.view.dealloc.IDealloc,addedToStage,dealloc,removedFromStage"/>
         </Keywords>
      </apiClassifier>
      <apiClassifier id="org.robotlegs.patterns.plugin.type.view.dealloc:DeallocPlugin">
         <apiName>DeallocPlugin</apiName>
         <shortdesc>
	 
	 
	 </shortdesc>
         <prolog>
            <author>r.moorman
	 </author>
            <asMetadata/>
         </prolog>
         <apiClassifierDetail>
            <apiClassifierDef>
               <apiAccess value="public"/>
               <apiStatic/>
               <apiBaseInterface>org.robotlegs.patterns.plugin.type.view:IViewPlugin</apiBaseInterface>
               <apiBaseClassifier>Object</apiBaseClassifier>
            </apiClassifierDef>
            <apiDesc>
	 
	 
	 </apiDesc>
         </apiClassifierDetail>
         <Keywords>
            <meta name="keywords"
                  content="DeallocPlugin,org.robotlegs.patterns.plugin.type.view.dealloc.DeallocPlugin,addedToStage,dealloc,removedFromStage"/>
         </Keywords>
      </apiClassifier>
   </apiPackage>
   <apiPackage id="org.robotlegs.patterns.plugin.type.view.resize">
      <apiName>org.robotlegs.patterns.plugin.type.view.resize</apiName>
      <apiDetail/>
      <apiClassifier id="org.robotlegs.patterns.plugin.type.view.resize:IResize">
         <apiName>IResize</apiName>
         <shortdesc>
	 The interface definition for a viewComponent which is automated by the ResizePlugin.</shortdesc>
         <prolog>
            <author>r.moorman
	 </author>
            <asMetadata/>
         </prolog>
         <apiClassifierDetail>
            <apiClassifierDef>
               <apiInterface/>
               <apiAccess value="public"/>
               <apiStatic/>
               <apiBaseClassifier/>
            </apiClassifierDef>
            <apiDesc>
	 The interface definition for a viewComponent which is automated by the <codeph>ResizePlugin</codeph>.
	 
	 </apiDesc>
         </apiClassifierDetail>
         <Keywords>
            <meta name="keywords"
                  content="IResize,org.robotlegs.patterns.plugin.type.view.resize.IResize,addedToStage,initialize,onResize,removedFromStage,resize"/>
         </Keywords>
      </apiClassifier>
      <apiClassifier id="org.robotlegs.patterns.plugin.type.view.resize:ResizePlugin">
         <apiName>ResizePlugin</apiName>
         <shortdesc>
	 
	 
	 </shortdesc>
         <prolog>
            <author>r.moorman
	 </author>
            <asMetadata/>
         </prolog>
         <apiClassifierDetail>
            <apiClassifierDef>
               <apiAccess value="public"/>
               <apiStatic/>
               <apiBaseInterface>org.robotlegs.patterns.plugin.type.view:IViewPlugin</apiBaseInterface>
               <apiBaseClassifier>Object</apiBaseClassifier>
            </apiClassifierDef>
            <apiDesc>
	 
	 
	 </apiDesc>
         </apiClassifierDetail>
         <Keywords>
            <meta name="keywords"
                  content="ResizePlugin,org.robotlegs.patterns.plugin.type.view.resize.ResizePlugin,contextView,addedToStage,initialize,onResize,removedFromStage,resize"/>
         </Keywords>
      </apiClassifier>
   </apiPackage>
   <apiPackage id="org.robotlegs.patterns.plugin.type.view">
      <apiName>org.robotlegs.patterns.plugin.type.view</apiName>
      <apiDetail/>
      <apiClassifier id="org.robotlegs.patterns.plugin.type.view:ViewPlugin">
         <apiName>ViewPlugin</apiName>
         <shortdesc>
	 Abstract implementation of IViewPlugin.</shortdesc>
         <prolog>
            <author>r.moorman
	 </author>
            <asMetadata/>
         </prolog>
         <apiClassifierDetail>
            <apiClassifierDef>
               <apiAccess value="public"/>
               <apiStatic/>
               <apiBaseInterface>org.robotlegs.patterns.plugin:IPlugin</apiBaseInterface>
               <apiBaseClassifier>Object</apiBaseClassifier>
            </apiClassifierDef>
            <apiDesc>
	 Abstract implementation of <codeph>IViewPlugin</codeph>.
	 
	 </apiDesc>
         </apiClassifierDetail>
         <Keywords>
            <meta name="keywords"
                  content="ViewPlugin,org.robotlegs.patterns.plugin.type.view.ViewPlugin,addedToStage,addedToStage,removedFromStage,removedFromStage"/>
         </Keywords>
      </apiClassifier>
      <apiClassifier id="org.robotlegs.patterns.plugin.type.view:IViewPlugin">
         <apiName>IViewPlugin</apiName>
         <shortdesc>
	 The interface definition for ViewPlugin.</shortdesc>
         <prolog>
            <author>r.moorman
	 </author>
            <asMetadata/>
         </prolog>
         <apiClassifierDetail>
            <apiClassifierDef>
               <apiInterface/>
               <apiAccess value="public"/>
               <apiStatic/>
               <apiBaseInterface>org.robotlegs.patterns.plugin:IPlugin</apiBaseInterface>
               <apiBaseClassifier/>
            </apiClassifierDef>
            <apiDesc>
	 The interface definition for <codeph>ViewPlugin</codeph>.
	 
	 </apiDesc>
         </apiClassifierDetail>
         <Keywords>
            <meta name="keywords"
                  content="IViewPlugin,org.robotlegs.patterns.plugin.type.view.IViewPlugin,addedToStage,addedToStage,removedFromStage,removedFromStage"/>
         </Keywords>
      </apiClassifier>
   </apiPackage>
   <apiPackage id="org.robotlegs.patterns.plugin">
      <apiName>org.robotlegs.patterns.plugin</apiName>
      <apiDetail/>
      <apiClassifier id="org.robotlegs.patterns.plugin:IPlugin">
         <apiName>IPlugin</apiName>
         <shortdesc>
	 The interface definition for a Plugin.</shortdesc>
         <prolog>
            <author>r.moorman
	 </author>
            <asMetadata/>
         </prolog>
         <apiClassifierDetail>
            <apiClassifierDef>
               <apiInterface/>
               <apiAccess value="public"/>
               <apiStatic/>
               <apiBaseClassifier/>
            </apiClassifierDef>
            <apiDesc>
	 The interface definition for a <codeph>Plugin</codeph>.
	 
	 </apiDesc>
         </apiClassifierDetail>
         <Keywords>
            <meta name="keywords" content="IPlugin,org.robotlegs.patterns.plugin.IPlugin"/>
         </Keywords>
      </apiClassifier>
      <apiClassifier id="org.robotlegs.patterns.plugin:Plugin">
         <apiName>Plugin</apiName>
         <shortdesc>
	 Abstract implementation of IPlugin.</shortdesc>
         <prolog>
            <author>r.moorman
	 </author>
            <asMetadata/>
         </prolog>
         <apiClassifierDetail>
            <apiClassifierDef>
               <apiAccess value="public"/>
               <apiStatic/>
               <apiBaseInterface>org.robotlegs.patterns.plugin:IPlugin</apiBaseInterface>
               <apiBaseClassifier>Object</apiBaseClassifier>
            </apiClassifierDef>
            <apiDesc>
	 Abstract implementation of <codeph>IPlugin</codeph>.
	 
	 </apiDesc>
         </apiClassifierDetail>
         <Keywords>
            <meta name="keywords" content="Plugin,org.robotlegs.patterns.plugin.Plugin"/>
         </Keywords>
      </apiClassifier>
   </apiPackage>
   <apiPackage id="org.robotlegs.utilities.assetloader.controller.install">
      <apiName>org.robotlegs.utilities.assetloader.controller.install</apiName>
      <apiDetail/>
      <apiClassifier id="org.robotlegs.utilities.assetloader.controller.install:InstallAssetLoaderCommand">
         <apiName>InstallAssetLoaderCommand</apiName>
         <shortdesc>
	 Map dependencies of AssetLoader.</shortdesc>
         <prolog>
            <author>r.moorman
	 </author>
            <asMetadata/>
         </prolog>
         <apiClassifierDetail>
            <apiClassifierDef>
               <apiAccess value="public"/>
               <apiStatic/>
               <apiBaseClassifier>org.robotlegs.mvcs:Command</apiBaseClassifier>
            </apiClassifierDef>
            <apiDesc>
	 Map dependencies of <codeph>AssetLoader</codeph>.
	 
	 <p>The following depedencies are available after executing this <codeph>Command</codeph>:</p>
	 
	              <ul>
	 	               <li>
                     <codeph>IAssetLoader</codeph>
                  </li>
	              </ul>
	 
	           </apiDesc>
         </apiClassifierDetail>
         <Keywords>
            <meta name="keywords"
                  content="InstallAssetLoaderCommand,org.robotlegs.utilities.assetloader.controller.install.InstallAssetLoaderCommand,execute"/>
         </Keywords>
      </apiClassifier>
   </apiPackage>
   <apiPackage id="org.robotlegs.utilities.assetloader.core">
      <apiName>org.robotlegs.utilities.assetloader.core</apiName>
      <apiDetail/>
      <apiClassifier id="org.robotlegs.utilities.assetloader.core:IAssetLoader">
         <apiName>IAssetLoader</apiName>
         <shortdesc>
	 The interface definition for AssetLoader.</shortdesc>
         <prolog>
            <author>r.moorman
	 </author>
            <asMetadata/>
         </prolog>
         <apiClassifierDetail>
            <apiClassifierDef>
               <apiInterface/>
               <apiAccess value="public"/>
               <apiStatic/>
               <apiBaseClassifier/>
            </apiClassifierDef>
            <apiDesc>
	 The interface definition for <codeph>AssetLoader</codeph>.
	 
	 </apiDesc>
         </apiClassifierDetail>
         <related-links>
            <link href=""
                  invalidHref="https.//github.com/moorinteractive/as3-robotlegs-library/wiki/assetloader.xml">
               <linktext>https://github.com/moorinteractive/as3-robotlegs-library/wiki/assetloader</linktext>
            </link>
         </related-links>
         <Keywords>
            <meta name="keywords"
                  content="IAssetLoader,org.robotlegs.utilities.assetloader.core.IAssetLoader,FAILED,INITIALIZING,LOADED,LOADING,baseUrl,baseUrl,loaderContext,loaderContext,addAssetClass,addAssetClass,getAsset,getAsset,getAssetByUrl,getAssetByUrl,getGroup,getGroup,hasAsset,hasAsset,hasAssetByUrl,hasAssetByUrl,hasGroup,hasGroup,instantiateAsset,instantiateGroup,load,load,loadGroup,loadGroup,removeAsset,removeAsset,removeAssetByUrl,removeAssetByUrl,removeGroup,removeGroup"/>
         </Keywords>
      </apiClassifier>
      <apiClassifier id="org.robotlegs.utilities.assetloader.core:AssetLoader">
         <apiName>AssetLoader</apiName>
         <shortdesc>
	 This utility allows you to easily load external assets into your application.</shortdesc>
         <prolog>
            <author>r.moorman
	 </author>
            <asMetadata/>
         </prolog>
         <apiClassifierDetail>
            <apiClassifierDef>
               <apiAccess value="public"/>
               <apiStatic/>
               <apiBaseInterface>org.robotlegs.utilities.assetloader.core:IAssetLoader</apiBaseInterface>
               <apiBaseClassifier>Object</apiBaseClassifier>
            </apiClassifierDef>
            <apiDesc>
	 This utility allows you to easily load external assets into your application.
	 
	 <p>All the assets which are loaded by the <codeph>AssetLoader</codeph> are stored
	 and can be retrieved at any time. This can be done by retrieving the asset by
	 it's url or unique id.</p>
	 
	              <p>The <codeph>AssetLoader</codeph> also allows you to load a group of assets at once.
	 Therefore you will get a <codeph>Group</codeph> returned instead of an single <codeph>Asset</codeph>.
	 That <codeph>Group</codeph> will have as well as the <codeph>Asset</codeph> an unique id you can use
	 to retrieve it at another point within your application.</p>
	 
	           </apiDesc>
         </apiClassifierDetail>
         <related-links>
            <link href=""
                  invalidHref="https.//github.com/moorinteractive/as3-robotlegs-library/wiki/assetloader.xml">
               <linktext>https://github.com/moorinteractive/as3-robotlegs-library/wiki/assetloader</linktext>
            </link>
         </related-links>
         <Keywords>
            <meta name="keywords"
                  content="AssetLoader,org.robotlegs.utilities.assetloader.core.AssetLoader,FAILED,INITIALIZING,LOADED,LOADING,baseUrl,baseUrl,loaderContext,loaderContext,addAssetClass,addAssetClass,getAsset,getAsset,getAssetByUrl,getAssetByUrl,getGroup,getGroup,hasAsset,hasAsset,hasAssetByUrl,hasAssetByUrl,hasGroup,hasGroup,instantiateAsset,instantiateGroup,load,load,loadGroup,loadGroup,removeAsset,removeAsset,removeAssetByUrl,removeAssetByUrl,removeGroup,removeGroup"/>
         </Keywords>
      </apiClassifier>
      <apiClassifier id="org.robotlegs.utilities.assetloader.core:AssetLoaderState">
         <apiName>AssetLoaderState</apiName>
         <shortdesc>
	 Loading states for Assets and Groups.</shortdesc>
         <prolog>
            <author>r.moorman
	 </author>
            <asMetadata/>
         </prolog>
         <apiClassifierDetail>
            <apiClassifierDef>
               <apiAccess value="public"/>
               <apiStatic/>
               <apiBaseClassifier>Object</apiBaseClassifier>
            </apiClassifierDef>
            <apiDesc>
	 Loading states for <codeph>Assets</codeph> and <codeph>Groups</codeph>.
	 
	 </apiDesc>
         </apiClassifierDetail>
         <Keywords>
            <meta name="keywords"
                  content="AssetLoaderState,org.robotlegs.utilities.assetloader.core.AssetLoaderState,FAILED,INITIALIZING,LOADED,LOADING,baseUrl,baseUrl,loaderContext,loaderContext"/>
         </Keywords>
      </apiClassifier>
   </apiPackage>
   <apiPackage id="org.robotlegs.utilities.assetloader.error">
      <apiName>org.robotlegs.utilities.assetloader.error</apiName>
      <apiDetail/>
      <apiClassifier id="org.robotlegs.utilities.assetloader.error:AssetLoaderError">
         <apiName>AssetLoaderError</apiName>
         <shortdesc>
	 Custom error Class for an AssetLoader.</shortdesc>
         <prolog>
            <author>r.moorman
	 </author>
            <asMetadata/>
         </prolog>
         <apiClassifierDetail>
            <apiClassifierDef>
               <apiAccess value="public"/>
               <apiStatic/>
               <apiBaseClassifier>Error</apiBaseClassifier>
            </apiClassifierDef>
            <apiDesc>
	 Custom error <codeph>Class</codeph> for an <codeph>AssetLoader</codeph>.
	 
	 </apiDesc>
         </apiClassifierDetail>
         <Keywords>
            <meta name="keywords"
                  content="AssetLoaderError,org.robotlegs.utilities.assetloader.error.AssetLoaderError"/>
         </Keywords>
      </apiClassifier>
   </apiPackage>
   <apiPackage id="org.robotlegs.utilities.assetloader.events">
      <apiName>org.robotlegs.utilities.assetloader.events</apiName>
      <apiDetail/>
      <apiClassifier id="org.robotlegs.utilities.assetloader.events:AssetLoaderEvent">
         <apiName>AssetLoaderEvent</apiName>
         <shortdesc>
	 Custom Event for AssetLoader.</shortdesc>
         <prolog>
            <author>r.moorman
	 </author>
            <asMetadata/>
         </prolog>
         <apiClassifierDetail>
            <apiClassifierDef>
               <apiAccess value="public"/>
               <apiStatic/>
               <apiBaseClassifier>flash.events:Event</apiBaseClassifier>
            </apiClassifierDef>
            <apiDesc>
	 Custom <codeph>Event</codeph> for <codeph>AssetLoader</codeph>.
	 
	 </apiDesc>
         </apiClassifierDetail>
         <Keywords>
            <meta name="keywords"
                  content="AssetLoaderEvent,org.robotlegs.utilities.assetloader.events.AssetLoaderEvent,ASSET_COMPLETE,ASSET_ERROR,ASSET_PROGRESS,GROUP_COMPLETE,GROUP_COMPLETE_WITH_FAILED_ASSETS,GROUP_ERROR,GROUP_PROGRESS,asset,group,clone"/>
         </Keywords>
      </apiClassifier>
   </apiPackage>
   <apiPackage id="org.robotlegs.utilities.assetloader.patterns.asset.type">
      <apiName>org.robotlegs.utilities.assetloader.patterns.asset.type</apiName>
      <apiDetail/>
      <apiClassifier id="org.robotlegs.utilities.assetloader.patterns.asset.type:CSSAsset">
         <apiName>CSSAsset</apiName>
         <shortdesc>
	 Automatic assigned type of Asset for loading stylesheets (css).</shortdesc>
         <prolog>
            <author>r.moorman
	 </author>
            <asMetadata/>
         </prolog>
         <apiClassifierDetail>
            <apiClassifierDef>
               <apiAccess value="public"/>
               <apiStatic/>
               <apiBaseClassifier>org.robotlegs.utilities.assetloader.patterns.asset:Asset</apiBaseClassifier>
            </apiClassifierDef>
            <apiDesc>
	 Automatic assigned type of <codeph>Asset</codeph> for loading stylesheets (css).
	 
	 </apiDesc>
         </apiClassifierDetail>
         <Keywords>
            <meta name="keywords"
                  content="CSSAsset,org.robotlegs.utilities.assetloader.patterns.asset.type.CSSAsset,bitmap,bitmapData,displayObject,sound,styleSheet,url,url,url,url,url,xml,onComplete,onComplete,onComplete,onComplete"/>
         </Keywords>
      </apiClassifier>
      <apiClassifier id="org.robotlegs.utilities.assetloader.patterns.asset.type:DisplayObjectAsset">
         <apiName>DisplayObjectAsset</apiName>
         <shortdesc>
	 Automatic assigned type of Asset for loading Bitmaps (swf).</shortdesc>
         <prolog>
            <author>r.moorman
	 </author>
            <asMetadata/>
         </prolog>
         <apiClassifierDetail>
            <apiClassifierDef>
               <apiAccess value="public"/>
               <apiStatic/>
               <apiBaseClassifier>org.robotlegs.utilities.assetloader.patterns.asset:Asset</apiBaseClassifier>
            </apiClassifierDef>
            <apiDesc>
	 Automatic assigned type of <codeph>Asset</codeph> for loading <codeph>Bitmaps</codeph> (swf).
	 
	 </apiDesc>
         </apiClassifierDetail>
         <Keywords>
            <meta name="keywords"
                  content="DisplayObjectAsset,org.robotlegs.utilities.assetloader.patterns.asset.type.DisplayObjectAsset,bitmap,bitmapData,displayObject,sound,styleSheet,url,url,url,url,url,xml,onComplete,onComplete,onComplete,onComplete"/>
         </Keywords>
      </apiClassifier>
      <apiClassifier id="org.robotlegs.utilities.assetloader.patterns.asset.type:XMLAsset">
         <apiName>XMLAsset</apiName>
         <shortdesc>
	 Automatic assigned type of Asset for loading Bitmaps (xml).</shortdesc>
         <prolog>
            <author>r.moorman
	 </author>
            <asMetadata/>
         </prolog>
         <apiClassifierDetail>
            <apiClassifierDef>
               <apiAccess value="public"/>
               <apiStatic/>
               <apiBaseClassifier>org.robotlegs.utilities.assetloader.patterns.asset:Asset</apiBaseClassifier>
            </apiClassifierDef>
            <apiDesc>
	 Automatic assigned type of <codeph>Asset</codeph> for loading <codeph>Bitmaps</codeph> (xml).
	 
	 </apiDesc>
         </apiClassifierDetail>
         <Keywords>
            <meta name="keywords"
                  content="XMLAsset,org.robotlegs.utilities.assetloader.patterns.asset.type.XMLAsset,bitmap,bitmapData,displayObject,sound,styleSheet,url,url,url,url,url,xml,onComplete,onComplete,onComplete,onComplete"/>
         </Keywords>
      </apiClassifier>
      <apiClassifier id="org.robotlegs.utilities.assetloader.patterns.asset.type:SoundAsset">
         <apiName>SoundAsset</apiName>
         <shortdesc>
	 Automatic assigned type of Asset for loading Bitmaps (mp3, wav, aif).</shortdesc>
         <prolog>
            <author>r.moorman
	 </author>
            <asMetadata/>
         </prolog>
         <apiClassifierDetail>
            <apiClassifierDef>
               <apiAccess value="public"/>
               <apiStatic/>
               <apiBaseClassifier>org.robotlegs.utilities.assetloader.patterns.asset:Asset</apiBaseClassifier>
            </apiClassifierDef>
            <apiDesc>
	 Automatic assigned type of <codeph>Asset</codeph> for loading <codeph>Bitmaps</codeph> (mp3, wav, aif).
	 
	 </apiDesc>
         </apiClassifierDetail>
         <Keywords>
            <meta name="keywords"
                  content="SoundAsset,org.robotlegs.utilities.assetloader.patterns.asset.type.SoundAsset,bitmap,bitmapData,displayObject,sound,styleSheet,url,url,url,url,url,xml"/>
         </Keywords>
      </apiClassifier>
      <apiClassifier id="org.robotlegs.utilities.assetloader.patterns.asset.type:BitmapAsset">
         <apiName>BitmapAsset</apiName>
         <shortdesc>
	 Automatic assigned type of Asset for loading Bitmaps (png, gif, jpg and jpeg).</shortdesc>
         <prolog>
            <author>r.moorman
	 </author>
            <asMetadata/>
         </prolog>
         <apiClassifierDetail>
            <apiClassifierDef>
               <apiAccess value="public"/>
               <apiStatic/>
               <apiBaseClassifier>org.robotlegs.utilities.assetloader.patterns.asset:Asset</apiBaseClassifier>
            </apiClassifierDef>
            <apiDesc>
	 Automatic assigned type of <codeph>Asset</codeph> for loading <codeph>Bitmaps</codeph> (png, gif, jpg and jpeg).
	 
	 </apiDesc>
         </apiClassifierDetail>
         <Keywords>
            <meta name="keywords"
                  content="BitmapAsset,org.robotlegs.utilities.assetloader.patterns.asset.type.BitmapAsset,bitmap,bitmapData,displayObject,sound,styleSheet,url,url,url,url,url,xml,onComplete,onComplete,onComplete,onComplete"/>
         </Keywords>
      </apiClassifier>
   </apiPackage>
   <apiPackage id="org.robotlegs.utilities.assetloader.patterns.asset">
      <apiName>org.robotlegs.utilities.assetloader.patterns.asset</apiName>
      <apiDetail/>
      <apiClassifier id="org.robotlegs.utilities.assetloader.patterns.asset:Asset">
         <apiName>Asset</apiName>
         <shortdesc>
	 Abstract implementation of IAsset.</shortdesc>
         <prolog>
            <author>r.moorman
	 </author>
            <asMetadata/>
         </prolog>
         <apiClassifierDetail>
            <apiClassifierDef>
               <apiAccess value="public"/>
               <apiStatic/>
               <apiBaseInterface>org.robotlegs.utilities.assetloader.patterns.asset:IAsset</apiBaseInterface>
               <apiBaseClassifier>flash.events:EventDispatcher</apiBaseClassifier>
            </apiClassifierDef>
            <apiDesc>
	 Abstract implementation of <codeph>IAsset</codeph>.
	 
	 </apiDesc>
         </apiClassifierDetail>
         <Keywords>
            <meta name="keywords"
                  content="Asset,org.robotlegs.utilities.assetloader.patterns.asset.Asset,bytesLoaded,bytesLoaded,bytesTotal,bytesTotal,closure,closure,data,data,id,id,percentage,percentage,state,state,url,url,defineEventModel,dispose,dispose,load,load,onAssetProcess,onComplete,setOnComplete,setOnComplete,setOnError,setOnError,setOnProgress,setOnProgress,setState,stop,stop,undefineEventModel"/>
         </Keywords>
      </apiClassifier>
      <apiClassifier id="org.robotlegs.utilities.assetloader.patterns.asset:IAsset">
         <apiName>IAsset</apiName>
         <shortdesc>
	 The interface definition for an Asset.</shortdesc>
         <prolog>
            <author>r.moorman
	 </author>
            <asMetadata/>
         </prolog>
         <apiClassifierDetail>
            <apiClassifierDef>
               <apiInterface/>
               <apiAccess value="public"/>
               <apiStatic/>
               <apiBaseClassifier/>
            </apiClassifierDef>
            <apiDesc>
	 The interface definition for an <codeph>Asset</codeph>.
	 
	 </apiDesc>
         </apiClassifierDetail>
         <Keywords>
            <meta name="keywords"
                  content="IAsset,org.robotlegs.utilities.assetloader.patterns.asset.IAsset,bytesLoaded,bytesLoaded,bytesTotal,bytesTotal,closure,closure,data,data,id,id,percentage,percentage,state,state,url,url,defineEventModel,dispose,dispose,load,load,onAssetProcess,onComplete,setOnComplete,setOnComplete,setOnError,setOnError,setOnProgress,setOnProgress,setState,stop,stop,undefineEventModel"/>
         </Keywords>
      </apiClassifier>
   </apiPackage>
   <apiPackage id="org.robotlegs.utilities.assetloader.patterns.group">
      <apiName>org.robotlegs.utilities.assetloader.patterns.group</apiName>
      <apiDetail/>
      <apiClassifier id="org.robotlegs.utilities.assetloader.patterns.group:IGroup">
         <apiName>IGroup</apiName>
         <shortdesc>
	 The interface definition for a Group.</shortdesc>
         <prolog>
            <author>r.moorman
	 </author>
            <asMetadata/>
         </prolog>
         <apiClassifierDetail>
            <apiClassifierDef>
               <apiInterface/>
               <apiAccess value="public"/>
               <apiStatic/>
               <apiBaseClassifier/>
            </apiClassifierDef>
            <apiDesc>
	 The interface definition for a <codeph>Group</codeph>.
	 
	 </apiDesc>
         </apiClassifierDetail>
         <Keywords>
            <meta name="keywords"
                  content="IGroup,org.robotlegs.utilities.assetloader.patterns.group.IGroup,assets,assets,bytesLoaded,bytesLoaded,bytesTotal,bytesTotal,closure,closure,id,id,maxConnections,maxConnections,percentage,percentage,state,state,dispose,dispose,getAsset,getAsset,getAssetByUrl,getAssetByUrl,load,load,loadQueuedAsset,onAssetProcess,setState"/>
         </Keywords>
      </apiClassifier>
      <apiClassifier id="org.robotlegs.utilities.assetloader.patterns.group:Group">
         <apiName>Group</apiName>
         <shortdesc>
	 Abstract implementation of IGroup.</shortdesc>
         <prolog>
            <author>r.moorman
	 </author>
            <asMetadata/>
         </prolog>
         <apiClassifierDetail>
            <apiClassifierDef>
               <apiAccess value="public"/>
               <apiStatic/>
               <apiBaseInterface>org.robotlegs.utilities.assetloader.patterns.group:IGroup</apiBaseInterface>
               <apiBaseClassifier>flash.events:EventDispatcher</apiBaseClassifier>
            </apiClassifierDef>
            <apiDesc>
	 Abstract implementation of <codeph>IGroup</codeph>.
	 
	 </apiDesc>
         </apiClassifierDetail>
         <Keywords>
            <meta name="keywords"
                  content="Group,org.robotlegs.utilities.assetloader.patterns.group.Group,assets,assets,bytesLoaded,bytesLoaded,bytesTotal,bytesTotal,closure,closure,id,id,maxConnections,maxConnections,percentage,percentage,state,state,dispose,dispose,getAsset,getAsset,getAssetByUrl,getAssetByUrl,load,load,loadQueuedAsset,onAssetProcess,setState"/>
         </Keywords>
      </apiClassifier>
   </apiPackage>
   <apiPackage id="org.robotlegs.utilities.assetloader.utils">
      <apiName>org.robotlegs.utilities.assetloader.utils</apiName>
      <apiDetail/>
      <apiClassifier id="org.robotlegs.utilities.assetloader.utils:AssetUtil">
         <apiName>AssetUtil</apiName>
         <shortdesc>
	 Utilities for Asset related functionalities.</shortdesc>
         <prolog>
            <author>r.moorman
	 </author>
            <asMetadata/>
         </prolog>
         <apiClassifierDetail>
            <apiClassifierDef>
               <apiAccess value="public"/>
               <apiStatic/>
               <apiBaseClassifier>Object</apiBaseClassifier>
            </apiClassifierDef>
            <apiDesc>
	 Utilities for <codeph>Asset</codeph> related functionalities.
	 
	 </apiDesc>
         </apiClassifierDetail>
         <Keywords>
            <meta name="keywords"
                  content="AssetUtil,org.robotlegs.utilities.assetloader.utils.AssetUtil,getAssetClassByExtension"/>
         </Keywords>
      </apiClassifier>
   </apiPackage>
   <apiPackage id="org.robotlegs.utilities.layers.controller.install">
      <apiName>org.robotlegs.utilities.layers.controller.install</apiName>
      <apiDetail/>
      <apiClassifier id="org.robotlegs.utilities.layers.controller.install:InstallLayersCommand">
         <apiName>InstallLayersCommand</apiName>
         <shortdesc>
	 Map dependencies of Layers.</shortdesc>
         <prolog>
            <author>r.moorman
	 </author>
            <asMetadata/>
         </prolog>
         <apiClassifierDetail>
            <apiClassifierDef>
               <apiAccess value="public"/>
               <apiStatic/>
               <apiBaseClassifier>org.robotlegs.mvcs:Command</apiBaseClassifier>
            </apiClassifierDef>
            <apiDesc>
	 Map dependencies of <codeph>Layers</codeph>.
	 
	 <p>The following depedencies are available after executing this <codeph>Command</codeph>:</p>
	 
	              <ul>
	 	               <li>
                     <codeph>ILayers</codeph>
                  </li>
	              </ul>
	 
	           </apiDesc>
         </apiClassifierDetail>
         <Keywords>
            <meta name="keywords"
                  content="InstallLayersCommand,org.robotlegs.utilities.layers.controller.install.InstallLayersCommand,execute"/>
         </Keywords>
      </apiClassifier>
   </apiPackage>
   <apiPackage id="org.robotlegs.utilities.layers.controller.layer">
      <apiName>org.robotlegs.utilities.layers.controller.layer</apiName>
      <apiDetail/>
      <apiClassifier id="org.robotlegs.utilities.layers.controller.layer:TransferLayerCommand">
         <apiName>TransferLayerCommand</apiName>
         <shortdesc>
	 Transfer a Layer to an other childIndex in the contextView.</shortdesc>
         <prolog>
            <author>r.moorman
	 </author>
            <asMetadata/>
         </prolog>
         <apiClassifierDetail>
            <apiClassifierDef>
               <apiAccess value="public"/>
               <apiStatic/>
               <apiBaseClassifier>org.robotlegs.mvcs:Command</apiBaseClassifier>
            </apiClassifierDef>
            <apiDesc>
	 Transfer a <codeph>Layer</codeph> to an other childIndex in the <codeph>contextView</codeph>.
	 
	 </apiDesc>
         </apiClassifierDetail>
         <Keywords>
            <meta name="keywords"
                  content="TransferLayerCommand,org.robotlegs.utilities.layers.controller.layer.TransferLayerCommand,event,event,event,execute,execute,execute"/>
         </Keywords>
      </apiClassifier>
      <apiClassifier id="org.robotlegs.utilities.layers.controller.layer:RemoveLayerCommand">
         <apiName>RemoveLayerCommand</apiName>
         <shortdesc>
	 Remove a Layer from the contextView.</shortdesc>
         <prolog>
            <author>r.moorman
	 </author>
            <asMetadata/>
         </prolog>
         <apiClassifierDetail>
            <apiClassifierDef>
               <apiAccess value="public"/>
               <apiStatic/>
               <apiBaseClassifier>org.robotlegs.mvcs:Command</apiBaseClassifier>
            </apiClassifierDef>
            <apiDesc>
	 Remove a <codeph>Layer</codeph> from the <codeph>contextView</codeph>.
	 
	 </apiDesc>
         </apiClassifierDetail>
         <Keywords>
            <meta name="keywords"
                  content="RemoveLayerCommand,org.robotlegs.utilities.layers.controller.layer.RemoveLayerCommand,event,event,event,execute,execute,execute"/>
         </Keywords>
      </apiClassifier>
      <apiClassifier id="org.robotlegs.utilities.layers.controller.layer:AddLayerCommand">
         <apiName>AddLayerCommand</apiName>
         <shortdesc>
	 Add a Layer to the contextView.</shortdesc>
         <prolog>
            <author>r.moorman
	 </author>
            <asMetadata/>
         </prolog>
         <apiClassifierDetail>
            <apiClassifierDef>
               <apiAccess value="public"/>
               <apiStatic/>
               <apiBaseClassifier>org.robotlegs.mvcs:Command</apiBaseClassifier>
            </apiClassifierDef>
            <apiDesc>
	 Add a <codeph>Layer</codeph> to the <codeph>contextView</codeph>.
	 
	 </apiDesc>
         </apiClassifierDetail>
         <Keywords>
            <meta name="keywords"
                  content="AddLayerCommand,org.robotlegs.utilities.layers.controller.layer.AddLayerCommand,event,event,event,execute,execute,execute"/>
         </Keywords>
      </apiClassifier>
   </apiPackage>
   <apiPackage id="org.robotlegs.utilities.layers.core">
      <apiName>org.robotlegs.utilities.layers.core</apiName>
      <apiDetail/>
      <apiClassifier id="org.robotlegs.utilities.layers.core:Layers">
         <apiName>Layers</apiName>
         <shortdesc>
	 This utility allows you to manage your displayList in layers.</shortdesc>
         <prolog>
            <author>r.moorman
	 </author>
            <asMetadata/>
         </prolog>
         <apiClassifierDetail>
            <apiClassifierDef>
               <apiAccess value="public"/>
               <apiStatic/>
               <apiBaseInterface>org.robotlegs.utilities.layers.core:ILayers</apiBaseInterface>
               <apiBaseClassifier>org.robotlegs.mvcs:Actor</apiBaseClassifier>
            </apiClassifierDef>
            <apiDesc>
	 This utility allows you to manage your displayList in layers.
	 
	 <p>The advantage of using <codeph>Layers</codeph> is that you have all your type of viewComponents at one place.
	 For example all <codeph>Pages</codeph> are added in a <codeph>Layer</codeph> named <codeph>pages</codeph>. By using <codeph>Layers</codeph>
	 you can easily switch the user interface on and off while navigating. Therefore we advice you to use <codeph>Navigator</codeph>
	 or page transitions. Remember to set the property <codeph>lockLayersWhileTransitioning</codeph> of <codeph>Navigator</codeph>
	 to <codeph>true</codeph>
               </p>. You can also manually set the user interface on and off of the independend <codeph>Layers</codeph>.
	 
	 </apiDesc>
         </apiClassifierDetail>
         <related-links>
            <link href="org.robotlegs.utilities.navigator.core.xml#Navigator">
               <linktext>org.robotlegs.utilities.navigator.core.Navigator</linktext>
            </link>
            <link href=""
                  invalidHref="https.//github.com/moorinteractive/as3-robotlegs-library/wiki/layers.xml">
               <linktext>https://github.com/moorinteractive/as3-robotlegs-library/wiki/layers</linktext>
            </link>
         </related-links>
         <Keywords>
            <meta name="keywords"
                  content="Layers,org.robotlegs.utilities.layers.core.Layers,addLayer,addLayer,getLayer,getLayer,hasLayer,hasLayer,lock,lock,removeLayer,removeLayer,transferLayer,transferLayer,unlock,unlock"/>
         </Keywords>
      </apiClassifier>
      <apiClassifier id="org.robotlegs.utilities.layers.core:ILayers">
         <apiName>ILayers</apiName>
         <shortdesc>
	 The interface definition for Layers.</shortdesc>
         <prolog>
            <author>r.moorman
	 </author>
            <asMetadata/>
         </prolog>
         <apiClassifierDetail>
            <apiClassifierDef>
               <apiInterface/>
               <apiAccess value="public"/>
               <apiStatic/>
               <apiBaseClassifier/>
            </apiClassifierDef>
            <apiDesc>
	 The interface definition for <codeph>Layers</codeph>.
	 
	 </apiDesc>
         </apiClassifierDetail>
         <related-links>
            <link href="org.robotlegs.utilities.navigator.core.xml#Navigator">
               <linktext>org.robotlegs.utilities.navigator.core.Navigator</linktext>
            </link>
            <link href=""
                  invalidHref="https.//github.com/moorinteractive/as3-robotlegs-library/wiki/layers.xml">
               <linktext>https://github.com/moorinteractive/as3-robotlegs-library/wiki/layers</linktext>
            </link>
         </related-links>
         <Keywords>
            <meta name="keywords"
                  content="ILayers,org.robotlegs.utilities.layers.core.ILayers,addLayer,addLayer,getLayer,getLayer,hasLayer,hasLayer,lock,lock,removeLayer,removeLayer,transferLayer,transferLayer,unlock,unlock"/>
         </Keywords>
      </apiClassifier>
   </apiPackage>
   <apiPackage id="org.robotlegs.utilities.layers.error">
      <apiName>org.robotlegs.utilities.layers.error</apiName>
      <apiDetail/>
      <apiClassifier id="org.robotlegs.utilities.layers.error:LayersError">
         <apiName>LayersError</apiName>
         <shortdesc>
	 Custom error Class for an AssetLoader.</shortdesc>
         <prolog>
            <author>r.moorman
	 </author>
            <asMetadata/>
         </prolog>
         <apiClassifierDetail>
            <apiClassifierDef>
               <apiAccess value="public"/>
               <apiStatic/>
               <apiBaseClassifier>Error</apiBaseClassifier>
            </apiClassifierDef>
            <apiDesc>
	 Custom error <codeph>Class</codeph> for an <codeph>AssetLoader</codeph>.
	 
	 </apiDesc>
         </apiClassifierDetail>
         <Keywords>
            <meta name="keywords"
                  content="LayersError,org.robotlegs.utilities.layers.error.LayersError"/>
         </Keywords>
      </apiClassifier>
   </apiPackage>
   <apiPackage id="org.robotlegs.utilities.layers.events">
      <apiName>org.robotlegs.utilities.layers.events</apiName>
      <apiDetail/>
      <apiClassifier id="org.robotlegs.utilities.layers.events:LayersEvent">
         <apiName>LayersEvent</apiName>
         <shortdesc>
	 Custom Event for Layers.</shortdesc>
         <prolog>
            <author>r.moorman
	 </author>
            <asMetadata/>
         </prolog>
         <apiClassifierDetail>
            <apiClassifierDef>
               <apiAccess value="public"/>
               <apiStatic/>
               <apiBaseClassifier>flash.events:Event</apiBaseClassifier>
            </apiClassifierDef>
            <apiDesc>
	 Custom <codeph>Event</codeph> for <codeph>Layers</codeph>.
	 
	 </apiDesc>
         </apiClassifierDetail>
         <Keywords>
            <meta name="keywords"
                  content="LayersEvent,org.robotlegs.utilities.layers.events.LayersEvent,ADD_LAYER,REMOVE_LAYER,TRANSFER_LAYER,index,layer,clone"/>
         </Keywords>
      </apiClassifier>
   </apiPackage>
   <apiPackage id="org.robotlegs.utilities.layers.patterns.layer">
      <apiName>org.robotlegs.utilities.layers.patterns.layer</apiName>
      <apiDetail/>
      <apiClassifier id="org.robotlegs.utilities.layers.patterns.layer:Layer">
         <apiName>Layer</apiName>
         <shortdesc>
	 Abstract implementation of IAsset.</shortdesc>
         <prolog>
            <author>r.moorman
	 </author>
            <asMetadata/>
         </prolog>
         <apiClassifierDetail>
            <apiClassifierDef>
               <apiAccess value="public"/>
               <apiStatic/>
               <apiBaseInterface>org.robotlegs.utilities.layers.patterns.layer:ILayer</apiBaseInterface>
               <apiBaseClassifier>flash.display:Sprite</apiBaseClassifier>
            </apiClassifierDef>
            <apiDesc>
	 Abstract implementation of <codeph>IAsset</codeph>.
	 
	 </apiDesc>
         </apiClassifierDetail>
         <Keywords>
            <meta name="keywords"
                  content="Layer,org.robotlegs.utilities.layers.patterns.layer.Layer,addChild,addChildAt,getChildAt,getChildByName,getChildIndex,lock,lock,removeChild,removeChildAt,unlock,unlock"/>
         </Keywords>
      </apiClassifier>
      <apiClassifier id="org.robotlegs.utilities.layers.patterns.layer:ILayer">
         <apiName>ILayer</apiName>
         <shortdesc>
	 The interface definition for Layers.</shortdesc>
         <prolog>
            <author>r.moorman
	 </author>
            <asMetadata/>
         </prolog>
         <apiClassifierDetail>
            <apiClassifierDef>
               <apiInterface/>
               <apiAccess value="public"/>
               <apiStatic/>
               <apiBaseClassifier/>
            </apiClassifierDef>
            <apiDesc>
	 The interface definition for <codeph>Layers</codeph>.
	 
	 </apiDesc>
         </apiClassifierDetail>
         <Keywords>
            <meta name="keywords"
                  content="ILayer,org.robotlegs.utilities.layers.patterns.layer.ILayer,name,addChild,addChildAt,getChildAt,getChildByName,getChildIndex,lock,lock,removeChild,removeChildAt,unlock,unlock"/>
         </Keywords>
      </apiClassifier>
   </apiPackage>
   <apiPackage id="org.robotlegs.utilities.localizer.controller.data">
      <apiName>org.robotlegs.utilities.localizer.controller.data</apiName>
      <apiDetail/>
      <apiClassifier id="org.robotlegs.utilities.localizer.controller.data:LocalizeDataCommand">
         <apiName>LocalizeDataCommand</apiName>
         <shortdesc>
	 Localize XML or Object data.</shortdesc>
         <prolog>
            <author>r.moorman
	 </author>
            <asMetadata/>
         </prolog>
         <apiClassifierDetail>
            <apiClassifierDef>
               <apiAccess value="public"/>
               <apiStatic/>
               <apiBaseClassifier>org.robotlegs.mvcs:Command</apiBaseClassifier>
            </apiClassifierDef>
            <apiDesc>
	 Localize <codeph>XML</codeph> or <codeph>Object</codeph> data.
	 
	 </apiDesc>
         </apiClassifierDetail>
         <Keywords>
            <meta name="keywords"
                  content="LocalizeDataCommand,org.robotlegs.utilities.localizer.controller.data.LocalizeDataCommand,event,localizer,execute"/>
         </Keywords>
      </apiClassifier>
   </apiPackage>
   <apiPackage id="org.robotlegs.utilities.localizer.controller.install">
      <apiName>org.robotlegs.utilities.localizer.controller.install</apiName>
      <apiDetail/>
      <apiClassifier id="org.robotlegs.utilities.localizer.controller.install:InstallLocalizerCommand">
         <apiName>InstallLocalizerCommand</apiName>
         <shortdesc>
	 Map dependencies of Localizer.</shortdesc>
         <prolog>
            <author>r.moorman
	 </author>
            <asMetadata/>
         </prolog>
         <apiClassifierDetail>
            <apiClassifierDef>
               <apiAccess value="public"/>
               <apiStatic/>
               <apiBaseClassifier>org.robotlegs.mvcs:Command</apiBaseClassifier>
            </apiClassifierDef>
            <apiDesc>
	 Map dependencies of <codeph>Localizer</codeph>.
	 
	 <p>The following depedencies are available after executing this <codeph>Command</codeph>:</p>
	 
	              <ul>
	 	               <li>
                     <codeph>ILocalizer</codeph>
                  </li>
	              </ul>
	 
	           </apiDesc>
         </apiClassifierDetail>
         <Keywords>
            <meta name="keywords"
                  content="InstallLocalizerCommand,org.robotlegs.utilities.localizer.controller.install.InstallLocalizerCommand,execute"/>
         </Keywords>
      </apiClassifier>
   </apiPackage>
   <apiPackage id="org.robotlegs.utilities.localizer.core">
      <apiName>org.robotlegs.utilities.localizer.core</apiName>
      <apiDetail/>
      <apiClassifier id="org.robotlegs.utilities.localizer.core:ILocalizer">
         <apiName>ILocalizer</apiName>
         <shortdesc>
	 The interface definition for Localizer.</shortdesc>
         <prolog>
            <author>r.moorman
	 </author>
            <asMetadata/>
         </prolog>
         <apiClassifierDetail>
            <apiClassifierDef>
               <apiInterface/>
               <apiAccess value="public"/>
               <apiStatic/>
               <apiBaseClassifier/>
            </apiClassifierDef>
            <apiDesc>
	 The interface definition for <codeph>Localizer</codeph>.
	 
	 </apiDesc>
         </apiClassifierDetail>
         <related-links>
            <link href=""
                  invalidHref="https.//github.com/moorinteractive/as3-robotlegs-library/wiki/localizer.xml">
               <linktext>https://github.com/moorinteractive/as3-robotlegs-library/wiki/localizer</linktext>
            </link>
         </related-links>
         <Keywords>
            <meta name="keywords"
                  content="ILocalizer,org.robotlegs.utilities.localizer.core.ILocalizer,addLocale,addLocale,getLocale,getLocale,hasLocale,hasLocale,localize,localize,localizeCustomData,localizeCustomData,removeLocale,removeLocale"/>
         </Keywords>
      </apiClassifier>
      <apiClassifier id="org.robotlegs.utilities.localizer.core:Localizer">
         <apiName>Localizer</apiName>
         <shortdesc>
	 This utility allows you to automatically map iterations of XML
	 or Object data in the Injector.</shortdesc>
         <prolog>
            <author>r.moorman
	 </author>
            <asMetadata/>
         </prolog>
         <apiClassifierDetail>
            <apiClassifierDef>
               <apiAccess value="public"/>
               <apiStatic/>
               <apiBaseInterface>org.robotlegs.utilities.localizer.core:ILocalizer</apiBaseInterface>
               <apiBaseClassifier>org.robotlegs.mvcs:Actor</apiBaseClassifier>
            </apiClassifierDef>
            <apiDesc>
	 This utility allows you to automatically map iterations of <codeph>XML</codeph>
	 or <codeph>Object</codeph> data in the <codeph>Injector</codeph>.
	 
	 </apiDesc>
         </apiClassifierDetail>
         <related-links>
            <link href=""
                  invalidHref="https.//github.com/moorinteractive/as3-robotlegs-library/wiki/localizer.xml">
               <linktext>https://github.com/moorinteractive/as3-robotlegs-library/wiki/localizer</linktext>
            </link>
         </related-links>
         <Keywords>
            <meta name="keywords"
                  content="Localizer,org.robotlegs.utilities.localizer.core.Localizer,addLocale,addLocale,getLocale,getLocale,hasLocale,hasLocale,localize,localize,localizeCustomData,localizeCustomData,removeLocale,removeLocale"/>
         </Keywords>
      </apiClassifier>
   </apiPackage>
   <apiPackage id="org.robotlegs.utilities.localizer.error">
      <apiName>org.robotlegs.utilities.localizer.error</apiName>
      <apiDetail/>
      <apiClassifier id="org.robotlegs.utilities.localizer.error:LocalizerError">
         <apiName>LocalizerError</apiName>
         <shortdesc>
	 
	 
	 </shortdesc>
         <prolog>
            <author>r.moorman
	 </author>
            <asMetadata/>
         </prolog>
         <apiClassifierDetail>
            <apiClassifierDef>
               <apiAccess value="public"/>
               <apiStatic/>
               <apiBaseClassifier>Error</apiBaseClassifier>
            </apiClassifierDef>
            <apiDesc>
	 
	 
	 </apiDesc>
         </apiClassifierDetail>
         <Keywords>
            <meta name="keywords"
                  content="LocalizerError,org.robotlegs.utilities.localizer.error.LocalizerError"/>
         </Keywords>
      </apiClassifier>
   </apiPackage>
   <apiPackage id="org.robotlegs.utilities.localizer.events">
      <apiName>org.robotlegs.utilities.localizer.events</apiName>
      <apiDetail/>
      <apiClassifier id="org.robotlegs.utilities.localizer.events:LocalizerEvent">
         <apiName>LocalizerEvent</apiName>
         <shortdesc>
	 Custom Event for Localizer.</shortdesc>
         <prolog>
            <author>r.moorman
	 </author>
            <asMetadata/>
         </prolog>
         <apiClassifierDetail>
            <apiClassifierDef>
               <apiAccess value="public"/>
               <apiStatic/>
               <apiBaseClassifier>flash.events:Event</apiBaseClassifier>
            </apiClassifierDef>
            <apiDesc>
	 Custom <codeph>Event</codeph> for <codeph>Localizer</codeph>.
	 
	 </apiDesc>
         </apiClassifierDetail>
         <Keywords>
            <meta name="keywords"
                  content="LocalizerEvent,org.robotlegs.utilities.localizer.events.LocalizerEvent,LOCALIZE_DATA,childInjector,data,locale,prefix,clone"/>
         </Keywords>
      </apiClassifier>
   </apiPackage>
   <apiPackage id="org.robotlegs.utilities.localizer.patterns.locale">
      <apiName>org.robotlegs.utilities.localizer.patterns.locale</apiName>
      <apiDetail/>
      <apiClassifier id="org.robotlegs.utilities.localizer.patterns.locale:Locale">
         <apiName>Locale</apiName>
         <shortdesc>
	 Abstract implementation of ILocale.</shortdesc>
         <prolog>
            <author>r.moorman
	 </author>
            <asMetadata/>
         </prolog>
         <apiClassifierDetail>
            <apiClassifierDef>
               <apiAccess value="public"/>
               <apiStatic/>
               <apiBaseInterface>org.robotlegs.utilities.localizer.patterns.locale:ILocale</apiBaseInterface>
               <apiBaseClassifier>Object</apiBaseClassifier>
            </apiClassifierDef>
            <apiDesc>
	 Abstract implementation of <codeph>ILocale</codeph>.
	 
	 </apiDesc>
         </apiClassifierDetail>
         <Keywords>
            <meta name="keywords"
                  content="Locale,org.robotlegs.utilities.localizer.patterns.locale.Locale,code,code,data,data"/>
         </Keywords>
      </apiClassifier>
      <apiClassifier id="org.robotlegs.utilities.localizer.patterns.locale:ILocale">
         <apiName>ILocale</apiName>
         <shortdesc>
	 The interface definition for an Locale.</shortdesc>
         <prolog>
            <author>r.moorman
	 </author>
            <asMetadata/>
         </prolog>
         <apiClassifierDetail>
            <apiClassifierDef>
               <apiInterface/>
               <apiAccess value="public"/>
               <apiStatic/>
               <apiBaseClassifier/>
            </apiClassifierDef>
            <apiDesc>
	 The interface definition for an <codeph>Locale</codeph>.
	 
	 </apiDesc>
         </apiClassifierDetail>
         <Keywords>
            <meta name="keywords"
                  content="ILocale,org.robotlegs.utilities.localizer.patterns.locale.ILocale,code,code,data,data"/>
         </Keywords>
      </apiClassifier>
   </apiPackage>
   <apiPackage id="org.robotlegs.utilities.navigator.controller.install">
      <apiName>org.robotlegs.utilities.navigator.controller.install</apiName>
      <apiDetail/>
      <apiClassifier id="org.robotlegs.utilities.navigator.controller.install:InstallNavigatorCommand">
         <apiName>InstallNavigatorCommand</apiName>
         <shortdesc>
	 Map dependencies of Navigator.</shortdesc>
         <prolog>
            <author>r.moorman
	 </author>
            <asMetadata/>
         </prolog>
         <apiClassifierDetail>
            <apiClassifierDef>
               <apiAccess value="public"/>
               <apiStatic/>
               <apiBaseClassifier>org.robotlegs.mvcs:Command</apiBaseClassifier>
            </apiClassifierDef>
            <apiDesc>
	 Map dependencies of <codeph>Navigator</codeph>.
	 
	 <p>The following depedencies are available after executing this <codeph>Command</codeph>:</p>
	 
	              <ul>
	 	               <li>
                     <codeph>INavigator</codeph>
                  </li>
	              </ul>
	 
	           </apiDesc>
         </apiClassifierDetail>
         <Keywords>
            <meta name="keywords"
                  content="InstallNavigatorCommand,org.robotlegs.utilities.navigator.controller.install.InstallNavigatorCommand,execute"/>
         </Keywords>
      </apiClassifier>
   </apiPackage>
   <apiPackage id="org.robotlegs.utilities.navigator.controller.page">
      <apiName>org.robotlegs.utilities.navigator.controller.page</apiName>
      <apiDetail/>
      <apiClassifier id="org.robotlegs.utilities.navigator.controller.page:NavigateToPageCommand">
         <apiName>NavigateToPageCommand</apiName>
         <shortdesc>
	 
	 
	 </shortdesc>
         <prolog>
            <author>r.moorman
	 </author>
            <asMetadata/>
         </prolog>
         <apiClassifierDetail>
            <apiClassifierDef>
               <apiAccess value="public"/>
               <apiStatic/>
               <apiBaseClassifier>org.robotlegs.mvcs:Command</apiBaseClassifier>
            </apiClassifierDef>
            <apiDesc>
	 
	 
	 </apiDesc>
         </apiClassifierDetail>
         <Keywords>
            <meta name="keywords"
                  content="NavigateToPageCommand,org.robotlegs.utilities.navigator.controller.page.NavigateToPageCommand,event,layers,navigator,execute"/>
         </Keywords>
      </apiClassifier>
   </apiPackage>
   <apiPackage id="org.robotlegs.utilities.navigator.core">
      <apiName>org.robotlegs.utilities.navigator.core</apiName>
      <apiDetail/>
      <apiClassifier id="org.robotlegs.utilities.navigator.core:INavigator">
         <apiName>INavigator</apiName>
         <shortdesc>
	 Abstract INavigator interface.</shortdesc>
         <prolog>
            <author>r.moorman
	 </author>
            <asMetadata/>
         </prolog>
         <apiClassifierDetail>
            <apiClassifierDef>
               <apiInterface/>
               <apiAccess value="public"/>
               <apiStatic/>
               <apiBaseClassifier/>
            </apiClassifierDef>
            <apiDesc>
	 Abstract <codeph>INavigator</codeph> interface.
	 
	 </apiDesc>
         </apiClassifierDetail>
         <related-links>
            <link href=""
                  invalidHref="https.//github.com/moorinteractive/as3-robotlegs-library/wiki/navigator.xml">
               <linktext>https://github.com/moorinteractive/as3-robotlegs-library/wiki/navigator</linktext>
            </link>
         </related-links>
         <Keywords>
            <meta name="keywords"
                  content="INavigator,org.robotlegs.utilities.navigator.core.INavigator,choosenPage,choosenPage,currentPage,currentPage,defaultTransition,defaultTransition,lockLayersWhileTransitioning,lockLayersWhileTransitioning,transitioning,transitioning,addPage,addPage,addTransition,addTransition,getPage,getPage,getTransition,getTransition,getTransitionByPageName,getTransitionByPageName,hasPage,hasPage,hasTransition,hasTransition,hasTransitionByPageName,hasTransitionByPageName,navigate,navigate,removePage,removePage,removeTransition,removeTransition,removeTransitionByPageName,removeTransitionByPageName"/>
         </Keywords>
      </apiClassifier>
      <apiClassifier id="org.robotlegs.utilities.navigator.core:Navigator">
         <apiName>Navigator</apiName>
         <shortdesc>
	 Abstract Navigator implementation.</shortdesc>
         <prolog>
            <author>r.moorman
	 </author>
            <asMetadata/>
         </prolog>
         <apiClassifierDetail>
            <apiClassifierDef>
               <apiAccess value="public"/>
               <apiStatic/>
               <apiBaseInterface>org.robotlegs.utilities.navigator.core:INavigator</apiBaseInterface>
               <apiBaseClassifier>org.robotlegs.mvcs:Actor</apiBaseClassifier>
            </apiClassifierDef>
            <apiDesc>
	 Abstract <codeph>Navigator</codeph> implementation.
	 
	 </apiDesc>
         </apiClassifierDetail>
         <related-links>
            <link href=""
                  invalidHref="https.//github.com/moorinteractive/as3-robotlegs-library/wiki/navigator.xml">
               <linktext>https://github.com/moorinteractive/as3-robotlegs-library/wiki/navigator</linktext>
            </link>
         </related-links>
         <Keywords>
            <meta name="keywords"
                  content="Navigator,org.robotlegs.utilities.navigator.core.Navigator,choosenPage,choosenPage,currentPage,currentPage,defaultTransition,defaultTransition,lockLayersWhileTransitioning,lockLayersWhileTransitioning,transitioning,transitioning,addPage,addPage,addTransition,addTransition,getPage,getPage,getTransition,getTransition,getTransitionByPageName,getTransitionByPageName,hasPage,hasPage,hasTransition,hasTransition,hasTransitionByPageName,hasTransitionByPageName,navigate,navigate,removePage,removePage,removeTransition,removeTransition,removeTransitionByPageName,removeTransitionByPageName"/>
         </Keywords>
      </apiClassifier>
   </apiPackage>
   <apiPackage id="org.robotlegs.utilities.navigator.error">
      <apiName>org.robotlegs.utilities.navigator.error</apiName>
      <apiDetail/>
      <apiClassifier id="org.robotlegs.utilities.navigator.error:NavigatorError">
         <apiName>NavigatorError</apiName>
         <shortdesc>
	 
	 
	 </shortdesc>
         <prolog>
            <author>r.moorman
	 </author>
            <asMetadata/>
         </prolog>
         <apiClassifierDetail>
            <apiClassifierDef>
               <apiAccess value="public"/>
               <apiStatic/>
               <apiBaseClassifier>Error</apiBaseClassifier>
            </apiClassifierDef>
            <apiDesc>
	 
	 
	 </apiDesc>
         </apiClassifierDetail>
         <Keywords>
            <meta name="keywords"
                  content="NavigatorError,org.robotlegs.utilities.navigator.error.NavigatorError"/>
         </Keywords>
      </apiClassifier>
   </apiPackage>
   <apiPackage id="org.robotlegs.utilities.navigator.events">
      <apiName>org.robotlegs.utilities.navigator.events</apiName>
      <apiDetail/>
      <apiClassifier id="org.robotlegs.utilities.navigator.events:NavigatorEvent">
         <apiName>NavigatorEvent</apiName>
         <shortdesc>
	 
	 
	 </shortdesc>
         <prolog>
            <author>r.moorman
	 </author>
            <asMetadata/>
         </prolog>
         <apiClassifierDetail>
            <apiClassifierDef>
               <apiAccess value="public"/>
               <apiStatic/>
               <apiBaseClassifier>flash.events:Event</apiBaseClassifier>
            </apiClassifierDef>
            <apiDesc>
	 
	 
	 </apiDesc>
         </apiClassifierDetail>
         <Keywords>
            <meta name="keywords"
                  content="NavigatorEvent,org.robotlegs.utilities.navigator.events.NavigatorEvent,NAVIGATE,TRANSITION_IN,TRANSITION_IN_COMPLETE,TRANSITION_OUT,TRANSITION_OUT_COMPLETE,page,clone"/>
         </Keywords>
      </apiClassifier>
   </apiPackage>
   <apiPackage id="org.robotlegs.utilities.navigator.patterns.page">
      <apiName>org.robotlegs.utilities.navigator.patterns.page</apiName>
      <apiDetail/>
      <apiClassifier id="org.robotlegs.utilities.navigator.patterns.page:Page">
         <apiName>Page</apiName>
         <shortdesc>
	 Abstract Page implementation.</shortdesc>
         <prolog>
            <author>r.moorman
	 </author>
            <asMetadata/>
         </prolog>
         <apiClassifierDetail>
            <apiClassifierDef>
               <apiAccess value="public"/>
               <apiStatic/>
               <apiBaseInterface>org.robotlegs.utilities.navigator.patterns.page:IPage</apiBaseInterface>
               <apiBaseClassifier>flash.display:Sprite</apiBaseClassifier>
            </apiClassifierDef>
            <apiDesc>
	 Abstract <codeph>Page</codeph> implementation.
	 
	 </apiDesc>
         </apiClassifierDetail>
         <Keywords>
            <meta name="keywords"
                  content="Page,org.robotlegs.utilities.navigator.patterns.page.Page,content,content,name,reset,reset"/>
         </Keywords>
      </apiClassifier>
      <apiClassifier id="org.robotlegs.utilities.navigator.patterns.page:IPage">
         <apiName>IPage</apiName>
         <shortdesc>
	 Abstract IPage interface.</shortdesc>
         <prolog>
            <author>r.moorman
	 </author>
            <asMetadata/>
         </prolog>
         <apiClassifierDetail>
            <apiClassifierDef>
               <apiInterface/>
               <apiAccess value="public"/>
               <apiStatic/>
               <apiBaseClassifier/>
            </apiClassifierDef>
            <apiDesc>
	 Abstract <codeph>IPage</codeph> interface.
	 
	 </apiDesc>
         </apiClassifierDetail>
         <Keywords>
            <meta name="keywords"
                  content="IPage,org.robotlegs.utilities.navigator.patterns.page.IPage,content,content,name,reset,reset"/>
         </Keywords>
      </apiClassifier>
   </apiPackage>
   <apiPackage id="org.robotlegs.utilities.navigator.patterns.transition">
      <apiName>org.robotlegs.utilities.navigator.patterns.transition</apiName>
      <apiDetail/>
      <apiClassifier id="org.robotlegs.utilities.navigator.patterns.transition:ITransition">
         <apiName>ITransition</apiName>
         <shortdesc>
	 Abstract ITransition interface.</shortdesc>
         <prolog>
            <author>r.moorman
	 </author>
            <asMetadata/>
         </prolog>
         <apiClassifierDetail>
            <apiClassifierDef>
               <apiInterface/>
               <apiAccess value="public"/>
               <apiStatic/>
               <apiBaseClassifier/>
            </apiClassifierDef>
            <apiDesc>
	 Abstract <codeph>ITransition</codeph> interface.
	 
	 </apiDesc>
         </apiClassifierDetail>
         <Keywords>
            <meta name="keywords"
                  content="ITransition,org.robotlegs.utilities.navigator.patterns.transition.ITransition,transitionIn,transitionIn,transitionInComplete,transitionInComplete,transitionOut,transitionOut,transitionOutComplete,transitionOutComplete"/>
         </Keywords>
      </apiClassifier>
      <apiClassifier id="org.robotlegs.utilities.navigator.patterns.transition:Transition">
         <apiName>Transition</apiName>
         <shortdesc>
	 Abstract Transition implementation.</shortdesc>
         <prolog>
            <author>r.moorman
	 </author>
            <asMetadata/>
         </prolog>
         <apiClassifierDetail>
            <apiClassifierDef>
               <apiAccess value="public"/>
               <apiStatic/>
               <apiBaseInterface>org.robotlegs.utilities.navigator.patterns.transition:ITransition</apiBaseInterface>
               <apiBaseClassifier>Object</apiBaseClassifier>
            </apiClassifierDef>
            <apiDesc>
	 Abstract <codeph>Transition</codeph> implementation.
	 
	 </apiDesc>
         </apiClassifierDetail>
         <Keywords>
            <meta name="keywords"
                  content="Transition,org.robotlegs.utilities.navigator.patterns.transition.Transition,transitionIn,transitionIn,transitionInComplete,transitionInComplete,transitionOut,transitionOut,transitionOutComplete,transitionOutComplete"/>
         </Keywords>
      </apiClassifier>
   </apiPackage>
   <apiPackage id="org.robotlegs.utilities.navigator.utils">
      <apiName>org.robotlegs.utilities.navigator.utils</apiName>
      <apiDetail/>
      <apiClassifier id="org.robotlegs.utilities.navigator.utils:NavigatorUtil">
         <apiName>NavigatorUtil</apiName>
         <shortdesc>
	 Utility to provide consistent Transition methods.</shortdesc>
         <prolog>
            <author>r.moorman
	 </author>
            <asMetadata/>
         </prolog>
         <apiClassifierDetail>
            <apiClassifierDef>
               <apiAccess value="public"/>
               <apiStatic/>
               <apiBaseClassifier>Object</apiBaseClassifier>
            </apiClassifierDef>
            <apiDesc>
	 Utility to provide consistent <codeph>Transition</codeph> methods.
	 
	 </apiDesc>
         </apiClassifierDetail>
         <Keywords>
            <meta name="keywords"
                  content="NavigatorUtil,org.robotlegs.utilities.navigator.utils.NavigatorUtil,setOnTransitionInComplete,setOnTransitionOutComplete"/>
         </Keywords>
      </apiClassifier>
   </apiPackage>
   <apiPackage id="org.robotlegs.utilities.router.controller.install">
      <apiName>org.robotlegs.utilities.router.controller.install</apiName>
      <apiDetail/>
      <apiClassifier id="org.robotlegs.utilities.router.controller.install:InstallRouterCommand">
         <apiName>InstallRouterCommand</apiName>
         <shortdesc>
	 Map dependencies of Router.</shortdesc>
         <prolog>
            <author>r.moorman
	 </author>
            <asMetadata/>
         </prolog>
         <apiClassifierDetail>
            <apiClassifierDef>
               <apiAccess value="public"/>
               <apiStatic/>
               <apiBaseClassifier>org.robotlegs.mvcs:Command</apiBaseClassifier>
            </apiClassifierDef>
            <apiDesc>
	 Map dependencies of <codeph>Router</codeph>.
	 
	 <p>The following depedencies are available after executing this <codeph>Command</codeph>:</p>
	              <ul>
	 	               <li>
                     <codeph>IRouter</codeph>
                  </li>
	              </ul>
	 
	           </apiDesc>
         </apiClassifierDetail>
         <Keywords>
            <meta name="keywords"
                  content="InstallRouterCommand,org.robotlegs.utilities.router.controller.install.InstallRouterCommand,execute"/>
         </Keywords>
      </apiClassifier>
   </apiPackage>
   <apiPackage id="org.robotlegs.utilities.router.controller.route">
      <apiName>org.robotlegs.utilities.router.controller.route</apiName>
      <apiDetail/>
      <apiClassifier id="org.robotlegs.utilities.router.controller.route:MapEventToRouteCommand">
         <apiName>MapEventToRouteCommand</apiName>
         <shortdesc>
	 Map a Command to a specific Route.</shortdesc>
         <prolog>
            <author>r.moorman
	 </author>
            <asMetadata/>
         </prolog>
         <apiClassifierDetail>
            <apiClassifierDef>
               <apiAccess value="public"/>
               <apiStatic/>
               <apiBaseClassifier>org.robotlegs.mvcs:Command</apiBaseClassifier>
            </apiClassifierDef>
            <apiDesc>
	 Map a <codeph>Command</codeph> to a specific <codeph>Route</codeph>.
	 
	 </apiDesc>
         </apiClassifierDetail>
         <Keywords>
            <meta name="keywords"
                  content="MapEventToRouteCommand,org.robotlegs.utilities.router.controller.route.MapEventToRouteCommand,event,event,execute,execute"/>
         </Keywords>
      </apiClassifier>
      <apiClassifier id="org.robotlegs.utilities.router.controller.route:RemoveEventFromRouteCommand">
         <apiName>RemoveEventFromRouteCommand</apiName>
         <shortdesc>
	 
	 
	 </shortdesc>
         <prolog>
            <author>r.moorman
	 </author>
            <asMetadata/>
         </prolog>
         <apiClassifierDetail>
            <apiClassifierDef>
               <apiAccess value="public"/>
               <apiStatic/>
               <apiBaseClassifier>org.robotlegs.mvcs:Command</apiBaseClassifier>
            </apiClassifierDef>
            <apiDesc>
	 
	 
	 </apiDesc>
         </apiClassifierDetail>
         <Keywords>
            <meta name="keywords"
                  content="RemoveEventFromRouteCommand,org.robotlegs.utilities.router.controller.route.RemoveEventFromRouteCommand,event,event,execute,execute"/>
         </Keywords>
      </apiClassifier>
   </apiPackage>
   <apiPackage id="org.robotlegs.utilities.router.core">
      <apiName>org.robotlegs.utilities.router.core</apiName>
      <apiDetail/>
      <apiClassifier id="org.robotlegs.utilities.router.core:IRouter">
         <apiName>IRouter</apiName>
         <shortdesc>
	 Abstract IRouter interface.</shortdesc>
         <prolog>
            <author>r.moorman
	 </author>
            <asMetadata/>
         </prolog>
         <apiClassifierDetail>
            <apiClassifierDef>
               <apiInterface/>
               <apiAccess value="public"/>
               <apiStatic/>
               <apiBaseClassifier/>
            </apiClassifierDef>
            <apiDesc>
	 Abstract <codeph>IRouter</codeph> interface.
	 
	 </apiDesc>
         </apiClassifierDetail>
         <related-links>
            <link href=""
                  invalidHref="https.//github.com/moorinteractive/as3-robotlegs-library/wiki/router.xml">
               <linktext>https://github.com/moorinteractive/as3-robotlegs-library/wiki/router</linktext>
            </link>
         </related-links>
         <Keywords>
            <meta name="keywords"
                  content="IRouter,org.robotlegs.utilities.router.core.IRouter,active,active,pathNames,pathNames,activate,activate,addRoute,addRoute,changeAddress,changeAddress,changeAddressOnly,changeAddressOnly,changeBrowserTitle,changeBrowserTitle,deactivate,deactivate,removeRoute,removeRoute"/>
         </Keywords>
      </apiClassifier>
      <apiClassifier id="org.robotlegs.utilities.router.core:Router">
         <apiName>Router</apiName>
         <shortdesc>
	 Abstract MacroCommand implementation.</shortdesc>
         <prolog>
            <author>r.moorman
	 </author>
            <asMetadata/>
         </prolog>
         <apiClassifierDetail>
            <apiClassifierDef>
               <apiAccess value="public"/>
               <apiStatic/>
               <apiBaseInterface>org.robotlegs.utilities.router.core:IRouter</apiBaseInterface>
               <apiBaseClassifier>org.robotlegs.mvcs:Actor</apiBaseClassifier>
            </apiClassifierDef>
            <apiDesc>
	 Abstract <codeph>MacroCommand</codeph> implementation.
	 
	 </apiDesc>
         </apiClassifierDetail>
         <related-links>
            <link href=""
                  invalidHref="https.//github.com/moorinteractive/as3-robotlegs-library/wiki/router.xml">
               <linktext>https://github.com/moorinteractive/as3-robotlegs-library/wiki/router</linktext>
            </link>
         </related-links>
         <Keywords>
            <meta name="keywords"
                  content="Router,org.robotlegs.utilities.router.core.Router,active,active,pathNames,pathNames,activate,activate,addRoute,addRoute,changeAddress,changeAddress,changeAddressOnly,changeAddressOnly,changeBrowserTitle,changeBrowserTitle,deactivate,deactivate,removeRoute,removeRoute"/>
         </Keywords>
      </apiClassifier>
   </apiPackage>
   <apiPackage id="org.robotlegs.utilities.router.error">
      <apiName>org.robotlegs.utilities.router.error</apiName>
      <apiDetail/>
      <apiClassifier id="org.robotlegs.utilities.router.error:RouterError">
         <apiName>RouterError</apiName>
         <shortdesc>
	 
	 
	 </shortdesc>
         <prolog>
            <author>r.moorman
	 </author>
            <asMetadata/>
         </prolog>
         <apiClassifierDetail>
            <apiClassifierDef>
               <apiAccess value="public"/>
               <apiStatic/>
               <apiBaseClassifier>Error</apiBaseClassifier>
            </apiClassifierDef>
            <apiDesc>
	 
	 
	 </apiDesc>
         </apiClassifierDetail>
         <Keywords>
            <meta name="keywords"
                  content="RouterError,org.robotlegs.utilities.router.error.RouterError"/>
         </Keywords>
      </apiClassifier>
   </apiPackage>
   <apiPackage id="org.robotlegs.utilities.router.events">
      <apiName>org.robotlegs.utilities.router.events</apiName>
      <apiDetail/>
      <apiClassifier id="org.robotlegs.utilities.router.events:RouterEvent">
         <apiName>RouterEvent</apiName>
         <shortdesc>
	 
	 
	 </shortdesc>
         <prolog>
            <author>r.moorman
	 </author>
            <asMetadata/>
         </prolog>
         <apiClassifierDetail>
            <apiClassifierDef>
               <apiAccess value="public"/>
               <apiStatic/>
               <apiBaseClassifier>flash.events:Event</apiBaseClassifier>
            </apiClassifierDef>
            <apiDesc>
	 
	 
	 </apiDesc>
         </apiClassifierDetail>
         <Keywords>
            <meta name="keywords"
                  content="RouterEvent,org.robotlegs.utilities.router.events.RouterEvent,MAP_EVENT_TO_ROUTE,NO_ROUTE_FOUND,REMOVE_EVENT_FROM_ROUTE,payload,clone"/>
         </Keywords>
      </apiClassifier>
   </apiPackage>
   <apiPackage id="org.robotlegs.utilities.router.patterns.pattern">
      <apiName>org.robotlegs.utilities.router.patterns.pattern</apiName>
      <apiDetail/>
      <apiClassifier id="org.robotlegs.utilities.router.patterns.pattern:Pattern">
         <apiName>Pattern</apiName>
         <shortdesc>
	 Abstract Pattern implementation.</shortdesc>
         <prolog>
            <author>r.moorman
	 </author>
            <asMetadata/>
         </prolog>
         <apiClassifierDetail>
            <apiClassifierDef>
               <apiAccess value="public"/>
               <apiStatic/>
               <apiBaseInterface>org.robotlegs.utilities.router.patterns.pattern:IPattern</apiBaseInterface>
               <apiBaseClassifier>Object</apiBaseClassifier>
            </apiClassifierDef>
            <apiDesc>
	 Abstract <codeph>Pattern</codeph> implementation.
	 
	 </apiDesc>
         </apiClassifierDetail>
         <Keywords>
            <meta name="keywords"
                  content="Pattern,org.robotlegs.utilities.router.patterns.pattern.Pattern,name,name,value,value,match,match"/>
         </Keywords>
      </apiClassifier>
      <apiClassifier id="org.robotlegs.utilities.router.patterns.pattern:IPattern">
         <apiName>IPattern</apiName>
         <shortdesc>
	 Abstract IPattern interface.</shortdesc>
         <prolog>
            <author>r.moorman
	 </author>
            <asMetadata/>
         </prolog>
         <apiClassifierDetail>
            <apiClassifierDef>
               <apiInterface/>
               <apiAccess value="public"/>
               <apiStatic/>
               <apiBaseClassifier/>
            </apiClassifierDef>
            <apiDesc>
	 Abstract <codeph>IPattern</codeph> interface.
	 
	 </apiDesc>
         </apiClassifierDetail>
         <Keywords>
            <meta name="keywords"
                  content="IPattern,org.robotlegs.utilities.router.patterns.pattern.IPattern,name,name,value,value,match,match"/>
         </Keywords>
      </apiClassifier>
   </apiPackage>
   <apiPackage id="org.robotlegs.utilities.router.patterns.route">
      <apiName>org.robotlegs.utilities.router.patterns.route</apiName>
      <apiDetail/>
      <apiClassifier id="org.robotlegs.utilities.router.patterns.route:Route">
         <apiName>Route</apiName>
         <shortdesc>
	 Abstract Route implementation.</shortdesc>
         <prolog>
            <author>r.moorman
	 </author>
            <asMetadata/>
         </prolog>
         <apiClassifierDetail>
            <apiClassifierDef>
               <apiAccess value="public"/>
               <apiDynamic/>
               <apiBaseClassifier>flash.utils:Proxy</apiBaseClassifier>
            </apiClassifierDef>
            <apiDesc>
	 Abstract <codeph>Route</codeph> implementation.
	 
	 </apiDesc>
         </apiClassifierDetail>
         <Keywords>
            <meta name="keywords"
                  content="Route,org.robotlegs.utilities.router.patterns.route.Route,length,type,callProperty,getPayload,match,toString"/>
         </Keywords>
      </apiClassifier>
   </apiPackage>
   <apiPackage id="org.robotlegs.utilities.styles.controller.install">
      <apiName>org.robotlegs.utilities.styles.controller.install</apiName>
      <apiDetail/>
      <apiClassifier id="org.robotlegs.utilities.styles.controller.install:InstallStylesCommand">
         <apiName>InstallStylesCommand</apiName>
         <shortdesc>
	 Map dependencies of Styles.</shortdesc>
         <prolog>
            <author>r.moorman
	 </author>
            <asMetadata/>
         </prolog>
         <apiClassifierDetail>
            <apiClassifierDef>
               <apiAccess value="public"/>
               <apiStatic/>
               <apiBaseClassifier>org.robotlegs.mvcs:Command</apiBaseClassifier>
            </apiClassifierDef>
            <apiDesc>
	 Map dependencies of <codeph>Styles</codeph>.
	 
	 <p>The following depedencies are available after executing this <codeph>Command</codeph>:</p>
	 
	              <ul>
	 	               <li>
                     <codeph>IStyles</codeph>
                  </li>
	              </ul>
	 
	           </apiDesc>
         </apiClassifierDetail>
         <Keywords>
            <meta name="keywords"
                  content="InstallStylesCommand,org.robotlegs.utilities.styles.controller.install.InstallStylesCommand,viewMap,execute"/>
         </Keywords>
      </apiClassifier>
   </apiPackage>
   <apiPackage id="org.robotlegs.utilities.styles.core">
      <apiName>org.robotlegs.utilities.styles.core</apiName>
      <apiDetail/>
      <apiClassifier id="org.robotlegs.utilities.styles.core:IStyles">
         <apiName>IStyles</apiName>
         <shortdesc>
	 The interface definition for Styles.</shortdesc>
         <prolog>
            <author>r.moorman
	 https://github.com/moorinteractive/as3-robotlegs-library/wiki/styles
	 </author>
            <asMetadata/>
         </prolog>
         <apiClassifierDetail>
            <apiClassifierDef>
               <apiInterface/>
               <apiAccess value="public"/>
               <apiStatic/>
               <apiBaseClassifier/>
            </apiClassifierDef>
            <apiDesc>
	 The interface definition for <codeph>Styles</codeph>.
	 
	 </apiDesc>
         </apiClassifierDetail>
         <Keywords>
            <meta name="keywords"
                  content="IStyles,org.robotlegs.utilities.styles.core.IStyles,assetLoader,styleSheet,styleSheet,addStyle,addStyle,getStyleSheet,loadStyle,loadStyle"/>
         </Keywords>
      </apiClassifier>
      <apiClassifier id="org.robotlegs.utilities.styles.core:Styles">
         <apiName>Styles</apiName>
         <shortdesc>
	 
	 
	 </shortdesc>
         <prolog>
            <author>r.moorman
	 https://github.com/moorinteractive/as3-robotlegs-library/wiki/styles
	 </author>
            <asMetadata/>
         </prolog>
         <apiClassifierDetail>
            <apiClassifierDef>
               <apiAccess value="public"/>
               <apiStatic/>
               <apiBaseInterface>org.robotlegs.utilities.styles.core:IStyles</apiBaseInterface>
               <apiBaseClassifier>org.robotlegs.mvcs:Actor</apiBaseClassifier>
            </apiClassifierDef>
            <apiDesc>
	 
	 
	 </apiDesc>
         </apiClassifierDetail>
         <Keywords>
            <meta name="keywords"
                  content="Styles,org.robotlegs.utilities.styles.core.Styles,assetLoader,styleSheet,styleSheet,addStyle,addStyle,getStyleSheet,loadStyle,loadStyle"/>
         </Keywords>
      </apiClassifier>
   </apiPackage>
   <apiPackage id="org.robotlegs.utilities.styles.error">
      <apiName>org.robotlegs.utilities.styles.error</apiName>
      <apiDetail/>
      <apiClassifier id="org.robotlegs.utilities.styles.error:StylesError">
         <apiName>StylesError</apiName>
         <shortdesc>
	 
	 
	 </shortdesc>
         <prolog>
            <author>r.moorman
	 </author>
            <asMetadata/>
         </prolog>
         <apiClassifierDetail>
            <apiClassifierDef>
               <apiAccess value="public"/>
               <apiStatic/>
               <apiBaseClassifier>Error</apiBaseClassifier>
            </apiClassifierDef>
            <apiDesc>
	 
	 
	 </apiDesc>
         </apiClassifierDetail>
         <Keywords>
            <meta name="keywords"
                  content="StylesError,org.robotlegs.utilities.styles.error.StylesError"/>
         </Keywords>
      </apiClassifier>
   </apiPackage>
   <apiPackage id="org.robotlegs.utilities.styles.events">
      <apiName>org.robotlegs.utilities.styles.events</apiName>
      <apiDetail/>
      <apiClassifier id="org.robotlegs.utilities.styles.events:StylesEvent">
         <apiName>StylesEvent</apiName>
         <shortdesc>
	 
	 
	 </shortdesc>
         <prolog>
            <author>r.moorman
	 </author>
            <asMetadata/>
         </prolog>
         <apiClassifierDetail>
            <apiClassifierDef>
               <apiAccess value="public"/>
               <apiStatic/>
               <apiBaseClassifier>flash.events:Event</apiBaseClassifier>
            </apiClassifierDef>
            <apiDesc>
	 
	 
	 </apiDesc>
         </apiClassifierDetail>
         <Keywords>
            <meta name="keywords"
                  content="StylesEvent,org.robotlegs.utilities.styles.events.StylesEvent,clone"/>
         </Keywords>
      </apiClassifier>
   </apiPackage>
   <apiPackage id="org.robotlegs.utilities.styles.view">
      <apiName>org.robotlegs.utilities.styles.view</apiName>
      <apiDetail/>
      <apiClassifier id="org.robotlegs.utilities.styles.view:StylesTextfield">
         <apiName>StylesTextfield</apiName>
         <shortdesc>
	 
	 
	 </shortdesc>
         <prolog>
            <author>r.moorman
	 </author>
            <asMetadata/>
         </prolog>
         <apiClassifierDetail>
            <apiClassifierDef>
               <apiAccess value="public"/>
               <apiStatic/>
               <apiBaseClassifier>flash.text:TextField</apiBaseClassifier>
            </apiClassifierDef>
            <apiDesc>
	 
	 
	 </apiDesc>
         </apiClassifierDetail>
         <Keywords>
            <meta name="keywords"
                  content="StylesTextfield,org.robotlegs.utilities.styles.view.StylesTextfield,htmlText,text"/>
         </Keywords>
      </apiClassifier>
   </apiPackage>
   <apiPackage id="org.robotlegs.utilities">
      <apiName>org.robotlegs.utilities</apiName>
      <apiDetail/>
      <apiClassifier id="org.robotlegs.utilities:Utilities">
         <apiName>Utilities</apiName>
         <shortdesc>
	 Utility to map dependencies of certain utilities.</shortdesc>
         <prolog>
            <author>r.moorman
	 </author>
            <asMetadata/>
         </prolog>
         <apiClassifierDetail>
            <apiClassifierDef>
               <apiAccess value="public"/>
               <apiStatic/>
               <apiBaseClassifier>Object</apiBaseClassifier>
            </apiClassifierDef>
            <apiDesc>
	 Utility to map dependencies of certain utilities.
	 
	 <p>Probably the best place to define your mappings is in the <codeph>mapInjections</codeph> method
	 of your <codeph>Context</codeph>. You can simply call the method <codeph>mapDepedencies</codeph>
	 of <codeph>Utilities</codeph> to determine all your mappings for the following utilities.</p>
	 
	              <ul>
	 	               <li>
                     <codeph>AssetLoader</codeph>
                  </li>
	 	               <li>
                     <codeph>Layers</codeph>
                  </li>
	 	               <li>
                     <codeph>Localizer</codeph>
                  </li>
	 	               <li>
                     <codeph>Navigator</codeph>
                  </li>
	 	               <li>
                     <codeph>Router</codeph>
                  </li>
	 	               <li>
                     <codeph>Styles</codeph>
                  </li>
	              </ul>
	 
	           </apiDesc>
         </apiClassifierDetail>
         <Keywords>
            <meta name="keywords"
                  content="Utilities,org.robotlegs.utilities.Utilities,ALL,ASSET_LOADER,LAYERS,LOCALIZER,NAVIGATOR,ROUTER,STYLES,mapDependencies"/>
         </Keywords>
      </apiClassifier>
   </apiPackage>
   <apiPackage id="org.robotlegs.utils">
      <apiName>org.robotlegs.utils</apiName>
      <apiDetail/>
      <apiClassifier id="org.robotlegs.utils:ClassUtil">
         <apiName>ClassUtil</apiName>
         <shortdesc>
	 Utilities for Class related functionalities.</shortdesc>
         <prolog>
            <author>r.moorman
	 </author>
            <asMetadata/>
         </prolog>
         <apiClassifierDetail>
            <apiClassifierDef>
               <apiAccess value="public"/>
               <apiStatic/>
               <apiBaseClassifier>Object</apiBaseClassifier>
            </apiClassifierDef>
            <apiDesc>
	 Utilities for <codeph>Class</codeph> related functionalities.
	 
	 </apiDesc>
         </apiClassifierDetail>
         <Keywords>
            <meta name="keywords"
                  content="ClassUtil,org.robotlegs.utils.ClassUtil,getEventsFromObject"/>
         </Keywords>
      </apiClassifier>
   </apiPackage>
</allClasses>