<?xml version="1.0" encoding="UTF-8"?><apiPackage id="com.asual.swfaddress"><apiName>com.asual.swfaddress</apiName><apiDetail/><apiClassifier id="com.asual.swfaddress:SWFAddress"><apiName>SWFAddress</apiName><shortdesc>
     SWFAddress class.</shortdesc><prolog><asMetadata/></prolog><apiClassifierDetail><apiClassifierDef><apiAccess value="public"/><apiStatic/><apiBaseClassifier>Object</apiBaseClassifier></apiClassifierDef><apiDesc>
     SWFAddress class. 
     </apiDesc></apiClassifierDetail><adobeApiEvent id="com.asual.swfaddress:SWFAddress_com.asual.swfaddress.SWFAddressEvent_externalChange"><apiName>externalChange</apiName><shortdesc>
     Dispatched when value was changed by Browser.</shortdesc><prolog/><adobeApiEventDetail><adobeApiEventDef><adobeApiEventClassifier>com.asual.swfaddress.SWFAddressEvent</adobeApiEventClassifier><apiGeneratedEvent/></adobeApiEventDef><apiDesc>
     Dispatched when value was changed by Browser.
     </apiDesc></adobeApiEventDetail></adobeApiEvent><adobeApiEvent id="com.asual.swfaddress:SWFAddress_com.asual.swfaddress.SWFAddressEvent_internalChange"><apiName>internalChange</apiName><shortdesc>
     Dispatched when value was changed by Flash.</shortdesc><prolog/><adobeApiEventDetail><adobeApiEventDef><adobeApiEventClassifier>com.asual.swfaddress.SWFAddressEvent</adobeApiEventClassifier><apiGeneratedEvent/></adobeApiEventDef><apiDesc>
     Dispatched when value was changed by Flash.
     </apiDesc></adobeApiEventDetail></adobeApiEvent><adobeApiEvent id="com.asual.swfaddress:SWFAddress_com.asual.swfaddress.SWFAddressEvent_change"><apiName>change</apiName><shortdesc>
     Dispatched when any value change.</shortdesc><prolog/><adobeApiEventDetail><adobeApiEventDef><adobeApiEventClassifier>com.asual.swfaddress.SWFAddressEvent</adobeApiEventClassifier><apiGeneratedEvent/></adobeApiEventDef><apiDesc>
     Dispatched when any value change.
     </apiDesc></adobeApiEventDetail></adobeApiEvent><adobeApiEvent id="com.asual.swfaddress:SWFAddress_com.asual.swfaddress.SWFAddressEvent_init"><apiName>init</apiName><shortdesc>
     Dispatched when SWFAddress initializes.</shortdesc><prolog/><adobeApiEventDetail><adobeApiEventDef><adobeApiEventClassifier>com.asual.swfaddress.SWFAddressEvent</adobeApiEventClassifier><apiGeneratedEvent/></adobeApiEventDef><apiDesc>
     Dispatched when <codeph>SWFAddress</codeph> initializes.
     </apiDesc></adobeApiEventDetail></adobeApiEvent><apiConstructor id="com.asual.swfaddress:SWFAddress:SWFAddress"><apiName>SWFAddress</apiName><shortdesc>
         </shortdesc><prolog/><apiConstructorDetail><apiConstructorDef><apiAccess value="public"/><apiException><apiDesc>The class cannot be instantiated.
         </apiDesc><apiItemName>IllegalOperationError</apiItemName><apiOperationClassifier>IllegalOperationError</apiOperationClassifier></apiException></apiConstructorDef><apiDesc>
         </apiDesc></apiConstructorDetail></apiConstructor><apiOperation id="com.asual.swfaddress:SWFAddress:addEventListener"><apiName>addEventListener</apiName><shortdesc>
         Registers an event listener object with an EventDispatcher object so that the listener receives notification of an event.</shortdesc><prolog/><apiOperationDetail><apiOperationDef><apiAccess value="public"/><apiStatic/><apiException><apiDesc>The listener specified is not a function. 
         </apiDesc><apiItemName>ArgumentError</apiItemName><apiOperationClassifier>ArgumentError</apiOperationClassifier></apiException><apiReturn><apiType value="void"/></apiReturn><apiParam><apiItemName>type</apiItemName><apiType value="String"/><apiDesc>The type of event.
         </apiDesc></apiParam><apiParam><apiItemName>listener</apiItemName><apiType value="Function"/><apiDesc>The listener function that processes the event. This function must accept an Event object as its only parameter and must return nothing.
         </apiDesc></apiParam><apiParam><apiItemName>useCapture</apiItemName><apiType value="Boolean"/><apiData>false</apiData><apiDesc>Determines whether the listener works in the capture phase or the target and bubbling phases.
         </apiDesc></apiParam><apiParam><apiItemName>priority</apiItemName><apiType value="int"/><apiData>0</apiData><apiDesc>The priority level of the event listener.
         </apiDesc></apiParam><apiParam><apiItemName>useWeakReference</apiItemName><apiType value="Boolean"/><apiData>false</apiData><apiDesc>Determines whether the reference to the listener is strong or weak.
         </apiDesc></apiParam></apiOperationDef><apiDesc>
         Registers an event listener object with an EventDispatcher object so that the listener receives notification of an event. 
         You can register event listeners on all nodes in the display list for a specific type of event, phase, and priority.
         </apiDesc></apiOperationDetail></apiOperation><apiOperation id="com.asual.swfaddress:SWFAddress:back"><apiName>back</apiName><shortdesc>
         Loads the previous URL in the history list.</shortdesc><prolog/><apiOperationDetail><apiOperationDef><apiAccess value="public"/><apiStatic/><apiReturn><apiType value="void"/></apiReturn></apiOperationDef><apiDesc>
         Loads the previous URL in the history list.
         </apiDesc></apiOperationDetail></apiOperation><apiOperation id="com.asual.swfaddress:SWFAddress:dispatchEvent"><apiName>dispatchEvent</apiName><shortdesc>
         Dispatches an event to all the registered listeners.</shortdesc><prolog/><apiOperationDetail><apiOperationDef><apiAccess value="public"/><apiStatic/><apiException><apiDesc>The event dispatch recursion limit has been reached. 
         </apiDesc><apiItemName>Error</apiItemName><apiOperationClassifier>Error</apiOperationClassifier></apiException><apiReturn><apiDesc>A value of <codeph>true</codeph> if a listener of the specified type is registered; <codeph>false</codeph> otherwise.
         </apiDesc><apiType value="Boolean"/></apiReturn><apiParam><apiItemName>event</apiItemName><apiType value="flash.events:Event"/><apiDesc>Event object.
         </apiDesc></apiParam></apiOperationDef><apiDesc>
         Dispatches an event to all the registered listeners. 
         </apiDesc></apiOperationDetail></apiOperation><apiOperation id="com.asual.swfaddress:SWFAddress:forward"><apiName>forward</apiName><shortdesc>
         Loads the next URL in the history list.</shortdesc><prolog/><apiOperationDetail><apiOperationDef><apiAccess value="public"/><apiStatic/><apiReturn><apiType value="void"/></apiReturn></apiOperationDef><apiDesc>
         Loads the next URL in the history list.
         </apiDesc></apiOperationDetail></apiOperation><apiOperation id="com.asual.swfaddress:SWFAddress:getBaseURL"><apiName>getBaseURL</apiName><shortdesc>
         Provides the base address of the document.</shortdesc><prolog/><apiOperationDetail><apiOperationDef><apiAccess value="public"/><apiStatic/><apiReturn><apiType value="String"/></apiReturn></apiOperationDef><apiDesc>
         Provides the base address of the document. 
         </apiDesc></apiOperationDetail></apiOperation><apiOperation id="com.asual.swfaddress:SWFAddress:getHistory"><apiName>getHistory</apiName><shortdesc>
         Provides the state of the history setting.</shortdesc><prolog/><apiOperationDetail><apiOperationDef><apiAccess value="public"/><apiStatic/><apiReturn><apiType value="Boolean"/></apiReturn></apiOperationDef><apiDesc>
         Provides the state of the history setting. 
         </apiDesc></apiOperationDetail></apiOperation><apiOperation id="com.asual.swfaddress:SWFAddress:getParameterNames"><apiName>getParameterNames</apiName><shortdesc>
         Provides a list of all the query parameter names.</shortdesc><prolog/><apiOperationDetail><apiOperationDef><apiAccess value="public"/><apiStatic/><apiReturn><apiType value="Array"/></apiReturn></apiOperationDef><apiDesc>
         Provides a list of all the query parameter names.
         </apiDesc></apiOperationDetail></apiOperation><apiOperation id="com.asual.swfaddress:SWFAddress:getParameter"><apiName>getParameter</apiName><shortdesc>
         Provides the value of a specific query parameter as a string or array of strings.</shortdesc><prolog/><apiOperationDetail><apiOperationDef><apiAccess value="public"/><apiStatic/><apiReturn><apiType value="Object"/></apiReturn><apiParam><apiItemName>param</apiItemName><apiType value="String"/><apiDesc>Parameter name.
         </apiDesc></apiParam></apiOperationDef><apiDesc>
         Provides the value of a specific query parameter as a string or array of strings.
         </apiDesc></apiOperationDetail></apiOperation><apiOperation id="com.asual.swfaddress:SWFAddress:getPathNames"><apiName>getPathNames</apiName><shortdesc>
         Provides a list of all the folders in the deep linking path.</shortdesc><prolog/><apiOperationDetail><apiOperationDef><apiAccess value="public"/><apiStatic/><apiReturn><apiType value="Array"/></apiReturn></apiOperationDef><apiDesc>
         Provides a list of all the folders in the deep linking path.
         </apiDesc></apiOperationDetail></apiOperation><apiOperation id="com.asual.swfaddress:SWFAddress:getPath"><apiName>getPath</apiName><shortdesc>
         Provides the deep linking value without the query string.</shortdesc><prolog/><apiOperationDetail><apiOperationDef><apiAccess value="public"/><apiStatic/><apiReturn><apiType value="String"/></apiReturn></apiOperationDef><apiDesc>
         Provides the deep linking value without the query string.
         </apiDesc></apiOperationDetail></apiOperation><apiOperation id="com.asual.swfaddress:SWFAddress:getQueryString"><apiName>getQueryString</apiName><shortdesc>
         Provides the query string part of the deep linking value.</shortdesc><prolog/><apiOperationDetail><apiOperationDef><apiAccess value="public"/><apiStatic/><apiReturn><apiType value="String"/></apiReturn></apiOperationDef><apiDesc>
         Provides the query string part of the deep linking value.
         </apiDesc></apiOperationDetail></apiOperation><apiOperation id="com.asual.swfaddress:SWFAddress:getStatus"><apiName>getStatus</apiName><shortdesc>
         Provides the status of the browser window.</shortdesc><prolog/><apiOperationDetail><apiOperationDef><apiAccess value="public"/><apiStatic/><apiReturn><apiType value="String"/></apiReturn></apiOperationDef><apiDesc>
         Provides the status of the browser window.
         </apiDesc></apiOperationDetail></apiOperation><apiOperation id="com.asual.swfaddress:SWFAddress:getStrict"><apiName>getStrict</apiName><shortdesc>
         Provides the state of the strict mode setting.</shortdesc><prolog/><apiOperationDetail><apiOperationDef><apiAccess value="public"/><apiStatic/><apiReturn><apiType value="Boolean"/></apiReturn></apiOperationDef><apiDesc>
         Provides the state of the strict mode setting. 
         </apiDesc></apiOperationDetail></apiOperation><apiOperation id="com.asual.swfaddress:SWFAddress:getTitle"><apiName>getTitle</apiName><shortdesc>
         Provides the title of the HTML document.</shortdesc><prolog/><apiOperationDetail><apiOperationDef><apiAccess value="public"/><apiStatic/><apiReturn><apiType value="String"/></apiReturn></apiOperationDef><apiDesc>
         Provides the title of the HTML document.
         </apiDesc></apiOperationDetail></apiOperation><apiOperation id="com.asual.swfaddress:SWFAddress:getTracker"><apiName>getTracker</apiName><shortdesc>
         Provides the tracker function.</shortdesc><prolog/><apiOperationDetail><apiOperationDef><apiAccess value="public"/><apiStatic/><apiReturn><apiType value="String"/></apiReturn></apiOperationDef><apiDesc>
         Provides the tracker function.
         </apiDesc></apiOperationDetail></apiOperation><apiOperation id="com.asual.swfaddress:SWFAddress:getValue"><apiName>getValue</apiName><shortdesc>
         Provides the current deep linking value.</shortdesc><prolog/><apiOperationDetail><apiOperationDef><apiAccess value="public"/><apiStatic/><apiReturn><apiType value="String"/></apiReturn></apiOperationDef><apiDesc>
         Provides the current deep linking value.
         </apiDesc></apiOperationDetail></apiOperation><apiOperation id="com.asual.swfaddress:SWFAddress:go"><apiName>go</apiName><shortdesc>
         Loads a URL from the history list.</shortdesc><prolog/><apiOperationDetail><apiOperationDef><apiAccess value="public"/><apiStatic/><apiReturn><apiType value="void"/></apiReturn><apiParam><apiItemName>delta</apiItemName><apiType value="int"/><apiDesc>An integer representing a relative position in the history list.
         </apiDesc></apiParam></apiOperationDef><apiDesc>
         Loads a URL from the history list.
         </apiDesc></apiOperationDetail></apiOperation><apiOperation id="com.asual.swfaddress:SWFAddress:hasEventListener"><apiName>hasEventListener</apiName><shortdesc>
         Checks whether the EventDispatcher object has any listeners registered for a specific type of event.</shortdesc><prolog/><apiOperationDetail><apiOperationDef><apiAccess value="public"/><apiStatic/><apiReturn><apiDesc>A value of <codeph>true</codeph> if a listener of the specified type is registered; <codeph>false</codeph> otherwise. 
         </apiDesc><apiType value="Boolean"/></apiReturn><apiParam><apiItemName>type</apiItemName><apiType value="String"/><apiDesc>The type of event.  
         </apiDesc></apiParam></apiOperationDef><apiDesc>
         Checks whether the EventDispatcher object has any listeners registered for a specific type of event. This allows you to determine where an EventDispatcher object has 
         altered handling of an event type in the event flow hierarchy.
         </apiDesc></apiOperationDetail></apiOperation><apiOperation id="com.asual.swfaddress:SWFAddress:href"><apiName>href</apiName><shortdesc>
         Opens a new URL in the browser.</shortdesc><prolog/><apiOperationDetail><apiOperationDef><apiAccess value="public"/><apiStatic/><apiReturn><apiType value="void"/></apiReturn><apiParam><apiItemName>url</apiItemName><apiType value="String"/><apiDesc>The resource to be opened.
         </apiDesc></apiParam><apiParam><apiItemName>target</apiItemName><apiType value="String"/><apiData>_self</apiData><apiDesc>Target window.
         </apiDesc></apiParam></apiOperationDef><apiDesc>
         Opens a new URL in the browser. 
         </apiDesc></apiOperationDetail></apiOperation><apiOperation id="com.asual.swfaddress:SWFAddress:popup"><apiName>popup</apiName><shortdesc>
         Opens a browser popup window.</shortdesc><prolog/><apiOperationDetail><apiOperationDef><apiAccess value="public"/><apiStatic/><apiReturn><apiType value="void"/></apiReturn><apiParam><apiItemName>url</apiItemName><apiType value="String"/><apiDesc>Resource location.
         </apiDesc></apiParam><apiParam><apiItemName>name</apiItemName><apiType value="String"/><apiData>popup</apiData><apiDesc>Name of the popup window.
         </apiDesc></apiParam><apiParam><apiItemName>options</apiItemName><apiType value="String"/><apiData>""</apiData><apiDesc>Options which get evaluted and passed to the window.open() method.
         </apiDesc></apiParam><apiParam><apiItemName>handler</apiItemName><apiType value="String"/><apiData/><apiDesc>Optional JavsScript handler code for popup handling.    
         </apiDesc></apiParam></apiOperationDef><apiDesc>
         Opens a browser popup window. 
         </apiDesc></apiOperationDetail></apiOperation><apiOperation id="com.asual.swfaddress:SWFAddress:removeEventListener"><apiName>removeEventListener</apiName><shortdesc>
         Removes a listener from the EventDispatcher object.</shortdesc><prolog/><apiOperationDetail><apiOperationDef><apiAccess value="public"/><apiStatic/><apiReturn><apiType value="void"/></apiReturn><apiParam><apiItemName>type</apiItemName><apiType value="String"/><apiDesc>The type of event. 
         </apiDesc></apiParam><apiParam><apiItemName>listener</apiItemName><apiType value="Function"/><apiDesc>The listener object to remove.
         </apiDesc></apiParam><apiParam><apiItemName>useCapture</apiItemName><apiType value="Boolean"/><apiData>false</apiData><apiDesc>Specifies whether the listener was registered for the capture phase or the target and bubbling phases. 
         If the listener was registered for both the capture phase and the target and bubbling phases, two calls to removeEventListener() are required to remove both, 
         one call with useCapture() set to true, and another call with useCapture() set to false. 
         </apiDesc></apiParam></apiOperationDef><apiDesc>
         Removes a listener from the EventDispatcher object. If there is no matching listener registered with the EventDispatcher object, a call to this method has no effect.
         </apiDesc></apiOperationDetail></apiOperation><apiOperation id="com.asual.swfaddress:SWFAddress:resetStatus"><apiName>resetStatus</apiName><shortdesc>
         Resets the status of the browser window.</shortdesc><prolog/><apiOperationDetail><apiOperationDef><apiAccess value="public"/><apiStatic/><apiReturn><apiType value="void"/></apiReturn></apiOperationDef><apiDesc>
         Resets the status of the browser window.
         </apiDesc></apiOperationDetail></apiOperation><apiOperation id="com.asual.swfaddress:SWFAddress:setHistory"><apiName>setHistory</apiName><shortdesc>
         Enables or disables the creation of history entries.</shortdesc><prolog/><apiOperationDetail><apiOperationDef><apiAccess value="public"/><apiStatic/><apiReturn><apiType value="void"/></apiReturn><apiParam><apiItemName>history</apiItemName><apiType value="Boolean"/><apiDesc>History state.
         </apiDesc></apiParam></apiOperationDef><apiDesc>
         Enables or disables the creation of history entries.
         </apiDesc></apiOperationDetail></apiOperation><apiOperation id="com.asual.swfaddress:SWFAddress:setStatus"><apiName>setStatus</apiName><shortdesc>
         Sets the status of the browser window.</shortdesc><prolog/><apiOperationDetail><apiOperationDef><apiAccess value="public"/><apiStatic/><apiReturn><apiType value="void"/></apiReturn><apiParam><apiItemName>status</apiItemName><apiType value="String"/><apiDesc>Status value.
         </apiDesc></apiParam></apiOperationDef><apiDesc>
         Sets the status of the browser window.
         </apiDesc></apiOperationDetail></apiOperation><apiOperation id="com.asual.swfaddress:SWFAddress:setStrict"><apiName>setStrict</apiName><shortdesc>
         Enables or disables the strict mode.</shortdesc><prolog/><apiOperationDetail><apiOperationDef><apiAccess value="public"/><apiStatic/><apiReturn><apiType value="void"/></apiReturn><apiParam><apiItemName>strict</apiItemName><apiType value="Boolean"/><apiDesc>Strict mode state.
         </apiDesc></apiParam></apiOperationDef><apiDesc>
         Enables or disables the strict mode.
         </apiDesc></apiOperationDetail></apiOperation><apiOperation id="com.asual.swfaddress:SWFAddress:setTitle"><apiName>setTitle</apiName><shortdesc>
         Sets the title of the HTML document.</shortdesc><prolog/><apiOperationDetail><apiOperationDef><apiAccess value="public"/><apiStatic/><apiReturn><apiType value="void"/></apiReturn><apiParam><apiItemName>title</apiItemName><apiType value="String"/><apiDesc>Title value.
         </apiDesc></apiParam></apiOperationDef><apiDesc>
         Sets the title of the HTML document.
         </apiDesc></apiOperationDetail></apiOperation><apiOperation id="com.asual.swfaddress:SWFAddress:setTracker"><apiName>setTracker</apiName><shortdesc>
         Sets a function for page view tracking.</shortdesc><prolog/><apiOperationDetail><apiOperationDef><apiAccess value="public"/><apiStatic/><apiReturn><apiType value="void"/></apiReturn><apiParam><apiItemName>tracker</apiItemName><apiType value="String"/><apiDesc>Tracker function.
         </apiDesc></apiParam></apiOperationDef><apiDesc>
         Sets a function for page view tracking. The default value is 'urchinTracker'.
         </apiDesc></apiOperationDetail></apiOperation><apiOperation id="com.asual.swfaddress:SWFAddress:setValue"><apiName>setValue</apiName><shortdesc>
         Sets the current deep linking value.</shortdesc><prolog/><apiOperationDetail><apiOperationDef><apiAccess value="public"/><apiStatic/><apiReturn><apiType value="void"/></apiReturn><apiParam><apiItemName>value</apiItemName><apiType value="String"/><apiDesc>A value which will be appended to the base link of the HTML document.
         </apiDesc></apiParam></apiOperationDef><apiDesc>
         Sets the current deep linking value.
         </apiDesc></apiOperationDetail></apiOperation><apiOperation id="com.asual.swfaddress:SWFAddress:up"><apiName>up</apiName><shortdesc>
         Navigates one level up in the deep linking path.</shortdesc><prolog/><apiOperationDetail><apiOperationDef><apiAccess value="public"/><apiStatic/><apiReturn><apiType value="void"/></apiReturn></apiOperationDef><apiDesc>
         Navigates one level up in the deep linking path.
         </apiDesc></apiOperationDetail></apiOperation><apiValue id="com.asual.swfaddress:SWFAddress:onChange"><apiName>onChange</apiName><shortdesc>
         Change event.</shortdesc><prolog/><apiValueDetail><apiValueDef><apiProperty/><apiAccess value="public"/><apiStatic/><apiType value="Function"/></apiValueDef><apiDesc>
         Change event.
         </apiDesc></apiValueDetail></apiValue><apiValue id="com.asual.swfaddress:SWFAddress:onInit"><apiName>onInit</apiName><shortdesc>
         Init event.</shortdesc><prolog/><apiValueDetail><apiValueDef><apiProperty/><apiAccess value="public"/><apiStatic/><apiType value="Function"/></apiValueDef><apiDesc>
         Init event.
         </apiDesc></apiValueDetail></apiValue></apiClassifier><apiClassifier id="com.asual.swfaddress:SWFAddressEvent"><apiName>SWFAddressEvent</apiName><shortdesc>
     Event class for SWFAddress.</shortdesc><prolog><asMetadata/></prolog><apiClassifierDetail><apiClassifierDef><apiAccess value="public"/><apiStatic/><apiBaseClassifier>flash.events:Event</apiBaseClassifier></apiClassifierDef><apiDesc>
     Event class for SWFAddress.
     </apiDesc></apiClassifierDetail><apiConstructor id="com.asual.swfaddress:SWFAddressEvent:SWFAddressEvent"><apiName>SWFAddressEvent</apiName><shortdesc>
         Creates a new SWFAddress event.</shortdesc><prolog/><apiConstructorDetail><apiConstructorDef><apiAccess value="public"/><apiParam><apiItemName>type</apiItemName><apiType value="String"/><apiDesc>Type of the event.
         </apiDesc></apiParam><apiParam><apiItemName>bubbles</apiItemName><apiType value="Boolean"/><apiData>false</apiData></apiParam><apiParam><apiItemName>cancelable</apiItemName><apiType value="Boolean"/><apiData>false</apiData></apiParam></apiConstructorDef><apiDesc>
         Creates a new SWFAddress event.
         </apiDesc></apiConstructorDetail></apiConstructor><apiOperation id="com.asual.swfaddress:SWFAddressEvent:clone"><apiName>clone</apiName><shortdesc>
         Creates a copy of the SWFAddressEvent object and sets the value of each parameter to match the original.</shortdesc><prolog/><apiOperationDetail><apiOperationDef><apiAccess value="public"/><apiIsOverride/><apiReturn><apiType value="flash.events:Event"/></apiReturn></apiOperationDef><apiDesc>
         Creates a copy of the <codeph>SWFAddressEvent</codeph> object and sets the value of each parameter to match the original.
         </apiDesc></apiOperationDetail></apiOperation><apiOperation id="com.asual.swfaddress:SWFAddressEvent:toString"><apiName>toString</apiName><shortdesc>
         Returns a string that contains all the properties of the SWFAddressEvent object.</shortdesc><prolog/><apiOperationDetail><apiOperationDef><apiAccess value="public"/><apiIsOverride/><apiReturn><apiDesc>A string representation of the <codeph>SWFAddressEvent</codeph> object.
         </apiDesc><apiType value="String"/></apiReturn></apiOperationDef><apiDesc>
         Returns a string that contains all the properties of the SWFAddressEvent object.
         The string has the following format:
         
         <p>[<codeph>SWFAddressEvent type=<i>value</i> bubbles=<i>value</i>
         cancelable=<i>value</i> eventPhase= value=<i>value</i> path=<i>value</i>
         paths=<i>value</i> parameters=<i>value</i></codeph>]</p>
         
         </apiDesc></apiOperationDetail></apiOperation><apiValue id="com.asual.swfaddress:SWFAddressEvent:CHANGE"><apiName>CHANGE</apiName><shortdesc>
         Defines the value of the type property of a change event object.</shortdesc><prolog/><apiValueDetail><apiValueDef><apiAccess value="public"/><apiStatic/><apiData>change</apiData><apiType value="String"/></apiValueDef><apiDesc>
         Defines the <codeph>value</codeph> of the type property of a <codeph>change</codeph> event object.
         </apiDesc></apiValueDetail></apiValue><apiValue id="com.asual.swfaddress:SWFAddressEvent:EXTERNAL_CHANGE"><apiName>EXTERNAL_CHANGE</apiName><shortdesc>
         Defines the value of the type property of a externalChange event object.</shortdesc><prolog/><apiValueDetail><apiValueDef><apiAccess value="public"/><apiStatic/><apiData>externalChange</apiData><apiType value="String"/></apiValueDef><apiDesc>
         Defines the <codeph>value</codeph> of the type property of a <codeph>externalChange</codeph> event object.
         </apiDesc></apiValueDetail></apiValue><apiValue id="com.asual.swfaddress:SWFAddressEvent:INIT"><apiName>INIT</apiName><shortdesc>
         Defines the value of the type property of a init event object.</shortdesc><prolog/><apiValueDetail><apiValueDef><apiAccess value="public"/><apiStatic/><apiData>init</apiData><apiType value="String"/></apiValueDef><apiDesc>
         Defines the <codeph>value</codeph> of the type property of a <codeph>init</codeph> event object.
         </apiDesc></apiValueDetail></apiValue><apiValue id="com.asual.swfaddress:SWFAddressEvent:INTERNAL_CHANGE"><apiName>INTERNAL_CHANGE</apiName><shortdesc>
         Defines the value of the type property of a internalChange event object.</shortdesc><prolog/><apiValueDetail><apiValueDef><apiAccess value="public"/><apiStatic/><apiData>internalChange</apiData><apiType value="String"/></apiValueDef><apiDesc>
         Defines the <codeph>value</codeph> of the type property of a <codeph>internalChange</codeph> event object.
         </apiDesc></apiValueDetail></apiValue><apiValue id="com.asual.swfaddress:SWFAddressEvent:currentTarget:get"><apiName>currentTarget</apiName><shortdesc>
         The current target of this event.</shortdesc><prolog/><apiValueDetail><apiValueDef><apiIsOverride/><apiProperty/><apiAccess value="public"/><apiDynamic/><apiValueAccess value="read"/><apiType value="Object"/></apiValueDef><apiDesc>
         The current target of this event.
         </apiDesc></apiValueDetail></apiValue><apiValue id="com.asual.swfaddress:SWFAddressEvent:parameterNames:get"><apiName>parameterNames</apiName><shortdesc>
         The parameters names of this event.</shortdesc><prolog/><apiValueDetail><apiValueDef><apiProperty/><apiAccess value="public"/><apiDynamic/><apiValueAccess value="read"/><apiType value="Array"/></apiValueDef><apiDesc>
         The parameters names of this event.
         </apiDesc></apiValueDetail></apiValue><apiValue id="com.asual.swfaddress:SWFAddressEvent:parameters:get"><apiName>parameters</apiName><shortdesc>
         The parameters of this event.</shortdesc><prolog/><apiValueDetail><apiValueDef><apiProperty/><apiAccess value="public"/><apiDynamic/><apiValueAccess value="read"/><apiType value="Object"/></apiValueDef><apiDesc>
         The parameters of this event.
         </apiDesc></apiValueDetail></apiValue><apiValue id="com.asual.swfaddress:SWFAddressEvent:pathNames:get"><apiName>pathNames</apiName><shortdesc>
         The folders in the deep linking path of this event.</shortdesc><prolog/><apiValueDetail><apiValueDef><apiProperty/><apiAccess value="public"/><apiDynamic/><apiValueAccess value="read"/><apiType value="Array"/></apiValueDef><apiDesc>
         The folders in the deep linking path of this event.
         </apiDesc></apiValueDetail></apiValue><apiValue id="com.asual.swfaddress:SWFAddressEvent:path:get"><apiName>path</apiName><shortdesc>
         The path of this event.</shortdesc><prolog/><apiValueDetail><apiValueDef><apiProperty/><apiAccess value="public"/><apiDynamic/><apiValueAccess value="read"/><apiType value="String"/></apiValueDef><apiDesc>
         The path of this event.
         </apiDesc></apiValueDetail></apiValue><apiValue id="com.asual.swfaddress:SWFAddressEvent:target:get"><apiName>target</apiName><shortdesc>
         The target of this event.</shortdesc><prolog/><apiValueDetail><apiValueDef><apiIsOverride/><apiProperty/><apiAccess value="public"/><apiDynamic/><apiValueAccess value="read"/><apiType value="Object"/></apiValueDef><apiDesc>
         The target of this event.
         </apiDesc></apiValueDetail></apiValue><apiValue id="com.asual.swfaddress:SWFAddressEvent:type:get"><apiName>type</apiName><shortdesc>
         The type of this event.</shortdesc><prolog/><apiValueDetail><apiValueDef><apiIsOverride/><apiProperty/><apiAccess value="public"/><apiDynamic/><apiValueAccess value="read"/><apiType value="String"/></apiValueDef><apiDesc>
         The type of this event.
         </apiDesc></apiValueDetail></apiValue><apiValue id="com.asual.swfaddress:SWFAddressEvent:value:get"><apiName>value</apiName><shortdesc>
         The value of this event.</shortdesc><prolog/><apiValueDetail><apiValueDef><apiProperty/><apiAccess value="public"/><apiDynamic/><apiValueAccess value="read"/><apiType value="String"/></apiValueDef><apiDesc>
         The value of this event.
         </apiDesc></apiValueDetail></apiValue></apiClassifier></apiPackage>