<?xml version="1.0" encoding="UTF-8"?>
<allClasses>
   <apiPackage id="com.asual.swfaddress">
      <apiName>com.asual.swfaddress</apiName>
      <apiClassifier id="com.asual.swfaddress:SWFAddress">
         <apiName>SWFAddress</apiName>
         <shortdesc>
     SWFAddress class.</shortdesc>
         <apiClassifierDetail>
            <apiClassifierDef>
               <apiAccess value="public"/>
               <apiStatic/>
               <apiBaseClassifier>Object</apiBaseClassifier>
            </apiClassifierDef>
         </apiClassifierDetail>
         <apiDesc>
     SWFAddress class. 
     </apiDesc>
         <adobeApiEvent id="com.asual.swfaddress:SWFAddress_com.asual.swfaddress.SWFAddressEvent_externalChange">
            <apiName>externalChange</apiName>
            <shortdesc>
     Dispatched when value was changed by Browser.</shortdesc>
            <prolog/>
            <adobeApiEventDetail>
               <adobeApiEventDef>
                  <adobeApiEventClassifier>com.asual.swfaddress.SWFAddressEvent</adobeApiEventClassifier>
                  <apiGeneratedEvent/>
               </adobeApiEventDef>
               <apiDesc>
     Dispatched when value was changed by Browser.
     </apiDesc>
            </adobeApiEventDetail>
         </adobeApiEvent>
         <adobeApiEvent id="com.asual.swfaddress:SWFAddress_com.asual.swfaddress.SWFAddressEvent_internalChange">
            <apiName>internalChange</apiName>
            <shortdesc>
     Dispatched when value was changed by Flash.</shortdesc>
            <prolog/>
            <adobeApiEventDetail>
               <adobeApiEventDef>
                  <adobeApiEventClassifier>com.asual.swfaddress.SWFAddressEvent</adobeApiEventClassifier>
                  <apiGeneratedEvent/>
               </adobeApiEventDef>
               <apiDesc>
     Dispatched when value was changed by Flash.
     </apiDesc>
            </adobeApiEventDetail>
         </adobeApiEvent>
         <adobeApiEvent id="com.asual.swfaddress:SWFAddress_com.asual.swfaddress.SWFAddressEvent_change">
            <apiName>change</apiName>
            <shortdesc>
     Dispatched when any value change.</shortdesc>
            <prolog/>
            <adobeApiEventDetail>
               <adobeApiEventDef>
                  <adobeApiEventClassifier>com.asual.swfaddress.SWFAddressEvent</adobeApiEventClassifier>
                  <apiGeneratedEvent/>
               </adobeApiEventDef>
               <apiDesc>
     Dispatched when any value change.
     </apiDesc>
            </adobeApiEventDetail>
         </adobeApiEvent>
         <adobeApiEvent id="com.asual.swfaddress:SWFAddress_com.asual.swfaddress.SWFAddressEvent_init">
            <apiName>init</apiName>
            <shortdesc>
     Dispatched when SWFAddress initializes.</shortdesc>
            <prolog/>
            <adobeApiEventDetail>
               <adobeApiEventDef>
                  <adobeApiEventClassifier>com.asual.swfaddress.SWFAddressEvent</adobeApiEventClassifier>
                  <apiGeneratedEvent/>
               </adobeApiEventDef>
               <apiDesc>
     Dispatched when <codeph>SWFAddress</codeph> initializes.
     </apiDesc>
            </adobeApiEventDetail>
         </adobeApiEvent>
      </apiClassifier>
      <apiClassifier id="com.asual.swfaddress:SWFAddressEvent">
         <apiName>SWFAddressEvent</apiName>
         <shortdesc>
     Event class for SWFAddress.</shortdesc>
         <apiClassifierDetail>
            <apiClassifierDef>
               <apiAccess value="public"/>
               <apiStatic/>
               <apiBaseClassifier>flash.events:Event</apiBaseClassifier>
            </apiClassifierDef>
         </apiClassifierDetail>
         <apiDesc>
     Event class for SWFAddress.
     </apiDesc>
      </apiClassifier>
   </apiPackage>
   <apiPackage id="org.robotlegs.adapters">
      <apiName>org.robotlegs.adapters</apiName>
      <apiClassifier id="org.robotlegs.adapters:ExtendedInjector">
         <apiName>ExtendedInjector</apiName>
         <shortdesc>
	 
	 
	 </shortdesc>
         <apiClassifierDetail>
            <apiClassifierDef>
               <apiAccess value="public"/>
               <apiStatic/>
               <apiBaseClassifier>org.robotlegs.adapters:SwiftSuspendersInjector</apiBaseClassifier>
            </apiClassifierDef>
         </apiClassifierDetail>
         <apiDesc>
	 
	 
	 </apiDesc>
      </apiClassifier>
   </apiPackage>
   <apiPackage id="org.robotlegs.base">
      <apiName>org.robotlegs.base</apiName>
      <apiClassifier id="org.robotlegs.base:PluginMap">
         <apiName>PluginMap</apiName>
         <shortdesc>
	 Abstract implementation of IPluginMap.</shortdesc>
         <apiClassifierDetail>
            <apiClassifierDef>
               <apiAccess value="public"/>
               <apiStatic/>
               <apiBaseInterface>org.robotlegs.core:IPluginMap</apiBaseInterface>
               <apiBaseClassifier>org.robotlegs.base:ViewMapBase</apiBaseClassifier>
            </apiClassifierDef>
         </apiClassifierDetail>
         <apiDesc>
	 Abstract implementation of <codeph>IPluginMap</codeph>.
	 
	 </apiDesc>
      </apiClassifier>
   </apiPackage>
   <apiPackage id="org.robotlegs.core">
      <apiName>org.robotlegs.core</apiName>
      <apiClassifier id="org.robotlegs.core:IASyncCommand">
         <apiName>IASyncCommand</apiName>
         <shortdesc>
	 Abstract IASyncCommand interface.</shortdesc>
         <apiClassifierDetail>
            <apiClassifierDef>
               <apiInterface/>
               <apiAccess value="public"/>
               <apiStatic/>
               <apiBaseClassifier/>
            </apiClassifierDef>
         </apiClassifierDetail>
         <apiDesc>
	 Abstract <codeph>IASyncCommand</codeph> interface.
	 
	 </apiDesc>
      </apiClassifier>
      <apiClassifier id="org.robotlegs.core:IPluginMap">
         <apiName>IPluginMap</apiName>
         <shortdesc>
	 The interface definition for PluginMap.</shortdesc>
         <apiClassifierDetail>
            <apiClassifierDef>
               <apiInterface/>
               <apiAccess value="public"/>
               <apiStatic/>
               <apiBaseClassifier/>
            </apiClassifierDef>
         </apiClassifierDetail>
         <apiDesc>
	 The interface definition for <codeph>PluginMap</codeph>.
	 
	 </apiDesc>
      </apiClassifier>
   </apiPackage>
   <apiPackage id="org.robotlegs.mvcs">
      <apiName>org.robotlegs.mvcs</apiName>
      <apiClassifier id="org.robotlegs.mvcs:ASyncMacroCommand">
         <apiName>ASyncMacroCommand</apiName>
         <shortdesc>
	 Abstract ASyncMacroCommand implementation.</shortdesc>
         <apiClassifierDetail>
            <apiClassifierDef>
               <apiAccess value="public"/>
               <apiStatic/>
               <apiBaseInterface>org.robotlegs.core:IASyncCommand</apiBaseInterface>
               <apiBaseClassifier>org.robotlegs.mvcs:Command</apiBaseClassifier>
            </apiClassifierDef>
         </apiClassifierDetail>
         <apiDesc>
	 Abstract <codeph>ASyncMacroCommand</codeph> implementation.
	 
	 </apiDesc>
      </apiClassifier>
      <apiClassifier id="org.robotlegs.mvcs:MacroCommand">
         <apiName>MacroCommand</apiName>
         <shortdesc>
	 Abstract MacroCommand implementation.</shortdesc>
         <apiClassifierDetail>
            <apiClassifierDef>
               <apiAccess value="public"/>
               <apiStatic/>
               <apiBaseClassifier>org.robotlegs.mvcs:Command</apiBaseClassifier>
            </apiClassifierDef>
         </apiClassifierDetail>
         <apiDesc>
	 Abstract <codeph>MacroCommand</codeph> implementation.
	 
	 </apiDesc>
      </apiClassifier>
      <apiClassifier id="org.robotlegs.mvcs:ASyncCommand">
         <apiName>ASyncCommand</apiName>
         <shortdesc>
	 Abstract ASyncCommand implementation.</shortdesc>
         <apiClassifierDetail>
            <apiClassifierDef>
               <apiAccess value="public"/>
               <apiStatic/>
               <apiBaseInterface>org.robotlegs.core:IASyncCommand</apiBaseInterface>
               <apiBaseClassifier>org.robotlegs.mvcs:Command</apiBaseClassifier>
            </apiClassifierDef>
         </apiClassifierDetail>
         <apiDesc>
	 Abstract <codeph>ASyncCommand</codeph> implementation.
	 
	 </apiDesc>
      </apiClassifier>
      <apiClassifier id="org.robotlegs.mvcs:ExtendedContext">
         <apiName>ExtendedContext</apiName>
         <shortdesc>
	 
	 
	 </shortdesc>
         <apiClassifierDetail>
            <apiClassifierDef>
               <apiAccess value="public"/>
               <apiStatic/>
               <apiBaseClassifier>org.robotlegs.mvcs:Context</apiBaseClassifier>
            </apiClassifierDef>
         </apiClassifierDetail>
         <apiDesc>
	 
	 
	 </apiDesc>
      </apiClassifier>
   </apiPackage>
   <apiPackage id="org.robotlegs.patterns.plugin.type.view.dealloc">
      <apiName>org.robotlegs.patterns.plugin.type.view.dealloc</apiName>
      <apiClassifier id="org.robotlegs.patterns.plugin.type.view.dealloc:IDealloc">
         <apiName>IDealloc</apiName>
         <shortdesc>
	 The interface definition for a viewComponent which is automated by the DeallocPlugin.</shortdesc>
         <apiClassifierDetail>
            <apiClassifierDef>
               <apiInterface/>
               <apiAccess value="public"/>
               <apiStatic/>
               <apiBaseClassifier/>
            </apiClassifierDef>
         </apiClassifierDetail>
         <apiDesc>
	 The interface definition for a viewComponent which is automated by the <codeph>DeallocPlugin</codeph>.
	 
	 </apiDesc>
      </apiClassifier>
      <apiClassifier id="org.robotlegs.patterns.plugin.type.view.dealloc:DeallocPlugin">
         <apiName>DeallocPlugin</apiName>
         <shortdesc>
	 
	 
	 </shortdesc>
         <apiClassifierDetail>
            <apiClassifierDef>
               <apiAccess value="public"/>
               <apiStatic/>
               <apiBaseInterface>org.robotlegs.patterns.plugin.type.view:IViewPlugin</apiBaseInterface>
               <apiBaseClassifier>Object</apiBaseClassifier>
            </apiClassifierDef>
         </apiClassifierDetail>
         <apiDesc>
	 
	 
	 </apiDesc>
      </apiClassifier>
   </apiPackage>
   <apiPackage id="org.robotlegs.patterns.plugin.type.view.resize">
      <apiName>org.robotlegs.patterns.plugin.type.view.resize</apiName>
      <apiClassifier id="org.robotlegs.patterns.plugin.type.view.resize:IResize">
         <apiName>IResize</apiName>
         <shortdesc>
	 The interface definition for a viewComponent which is automated by the ResizePlugin.</shortdesc>
         <apiClassifierDetail>
            <apiClassifierDef>
               <apiInterface/>
               <apiAccess value="public"/>
               <apiStatic/>
               <apiBaseClassifier/>
            </apiClassifierDef>
         </apiClassifierDetail>
         <apiDesc>
	 The interface definition for a viewComponent which is automated by the <codeph>ResizePlugin</codeph>.
	 
	 </apiDesc>
      </apiClassifier>
      <apiClassifier id="org.robotlegs.patterns.plugin.type.view.resize:ResizePlugin">
         <apiName>ResizePlugin</apiName>
         <shortdesc>
	 
	 
	 </shortdesc>
         <apiClassifierDetail>
            <apiClassifierDef>
               <apiAccess value="public"/>
               <apiStatic/>
               <apiBaseInterface>org.robotlegs.patterns.plugin.type.view:IViewPlugin</apiBaseInterface>
               <apiBaseClassifier>Object</apiBaseClassifier>
            </apiClassifierDef>
         </apiClassifierDetail>
         <apiDesc>
	 
	 
	 </apiDesc>
      </apiClassifier>
   </apiPackage>
   <apiPackage id="org.robotlegs.patterns.plugin.type.view">
      <apiName>org.robotlegs.patterns.plugin.type.view</apiName>
      <apiClassifier id="org.robotlegs.patterns.plugin.type.view:ViewPlugin">
         <apiName>ViewPlugin</apiName>
         <shortdesc>
	 Abstract implementation of IViewPlugin.</shortdesc>
         <apiClassifierDetail>
            <apiClassifierDef>
               <apiAccess value="public"/>
               <apiStatic/>
               <apiBaseInterface>org.robotlegs.patterns.plugin:IPlugin</apiBaseInterface>
               <apiBaseClassifier>Object</apiBaseClassifier>
            </apiClassifierDef>
         </apiClassifierDetail>
         <apiDesc>
	 Abstract implementation of <codeph>IViewPlugin</codeph>.
	 
	 </apiDesc>
      </apiClassifier>
      <apiClassifier id="org.robotlegs.patterns.plugin.type.view:IViewPlugin">
         <apiName>IViewPlugin</apiName>
         <shortdesc>
	 The interface definition for ViewPlugin.</shortdesc>
         <apiClassifierDetail>
            <apiClassifierDef>
               <apiInterface/>
               <apiAccess value="public"/>
               <apiStatic/>
               <apiBaseInterface>org.robotlegs.patterns.plugin:IPlugin</apiBaseInterface>
               <apiBaseClassifier/>
            </apiClassifierDef>
         </apiClassifierDetail>
         <apiDesc>
	 The interface definition for <codeph>ViewPlugin</codeph>.
	 
	 </apiDesc>
      </apiClassifier>
   </apiPackage>
   <apiPackage id="org.robotlegs.patterns.plugin">
      <apiName>org.robotlegs.patterns.plugin</apiName>
      <apiClassifier id="org.robotlegs.patterns.plugin:IPlugin">
         <apiName>IPlugin</apiName>
         <shortdesc>
	 The interface definition for a Plugin.</shortdesc>
         <apiClassifierDetail>
            <apiClassifierDef>
               <apiInterface/>
               <apiAccess value="public"/>
               <apiStatic/>
               <apiBaseClassifier/>
            </apiClassifierDef>
         </apiClassifierDetail>
         <apiDesc>
	 The interface definition for a <codeph>Plugin</codeph>.
	 
	 </apiDesc>
      </apiClassifier>
      <apiClassifier id="org.robotlegs.patterns.plugin:Plugin">
         <apiName>Plugin</apiName>
         <shortdesc>
	 Abstract implementation of IPlugin.</shortdesc>
         <apiClassifierDetail>
            <apiClassifierDef>
               <apiAccess value="public"/>
               <apiStatic/>
               <apiBaseInterface>org.robotlegs.patterns.plugin:IPlugin</apiBaseInterface>
               <apiBaseClassifier>Object</apiBaseClassifier>
            </apiClassifierDef>
         </apiClassifierDetail>
         <apiDesc>
	 Abstract implementation of <codeph>IPlugin</codeph>.
	 
	 </apiDesc>
      </apiClassifier>
   </apiPackage>
   <apiPackage id="org.robotlegs.utilities.assetloader.controller.install">
      <apiName>org.robotlegs.utilities.assetloader.controller.install</apiName>
      <apiClassifier id="org.robotlegs.utilities.assetloader.controller.install:InstallAssetLoaderCommand">
         <apiName>InstallAssetLoaderCommand</apiName>
         <shortdesc>
	 Map dependencies of AssetLoader.</shortdesc>
         <apiClassifierDetail>
            <apiClassifierDef>
               <apiAccess value="public"/>
               <apiStatic/>
               <apiBaseClassifier>org.robotlegs.mvcs:Command</apiBaseClassifier>
            </apiClassifierDef>
         </apiClassifierDetail>
         <apiDesc>
	 Map dependencies of <codeph>AssetLoader</codeph>.
	 
	 <p>The following depedencies are available after executing this <codeph>Command</codeph>:</p>
	 
	           <ul>
	 	            <li>
                  <codeph>IAssetLoader</codeph>
               </li>
	           </ul>
	 
	        </apiDesc>
      </apiClassifier>
   </apiPackage>
   <apiPackage id="org.robotlegs.utilities.assetloader.core">
      <apiName>org.robotlegs.utilities.assetloader.core</apiName>
      <apiClassifier id="org.robotlegs.utilities.assetloader.core:IAssetLoader">
         <apiName>IAssetLoader</apiName>
         <shortdesc>
	 The interface definition for AssetLoader.</shortdesc>
         <apiClassifierDetail>
            <apiClassifierDef>
               <apiInterface/>
               <apiAccess value="public"/>
               <apiStatic/>
               <apiBaseClassifier/>
            </apiClassifierDef>
         </apiClassifierDetail>
         <apiDesc>
	 The interface definition for <codeph>AssetLoader</codeph>.
	 
	 </apiDesc>
      </apiClassifier>
      <apiClassifier id="org.robotlegs.utilities.assetloader.core:AssetLoader">
         <apiName>AssetLoader</apiName>
         <shortdesc>
	 This utility allows you to easily load external assets into your application.</shortdesc>
         <apiClassifierDetail>
            <apiClassifierDef>
               <apiAccess value="public"/>
               <apiStatic/>
               <apiBaseInterface>org.robotlegs.utilities.assetloader.core:IAssetLoader</apiBaseInterface>
               <apiBaseClassifier>Object</apiBaseClassifier>
            </apiClassifierDef>
         </apiClassifierDetail>
         <apiDesc>
	 This utility allows you to easily load external assets into your application.
	 
	 <p>All the assets which are loaded by the <codeph>AssetLoader</codeph> are stored
	 and can be retrieved at any time. This can be done by retrieving the asset by
	 it's url or unique id.</p>
	 
	           <p>The <codeph>AssetLoader</codeph> also allows you to load a group of assets at once.
	 Therefore you will get a <codeph>Group</codeph> returned instead of an single <codeph>Asset</codeph>.
	 That <codeph>Group</codeph> will have as well as the <codeph>Asset</codeph> an unique id you can use
	 to retrieve it at another point within your application.</p>
	 
	        </apiDesc>
      </apiClassifier>
      <apiClassifier id="org.robotlegs.utilities.assetloader.core:AssetLoaderState">
         <apiName>AssetLoaderState</apiName>
         <shortdesc>
	 Loading states for Assets and Groups.</shortdesc>
         <apiClassifierDetail>
            <apiClassifierDef>
               <apiAccess value="public"/>
               <apiStatic/>
               <apiBaseClassifier>Object</apiBaseClassifier>
            </apiClassifierDef>
         </apiClassifierDetail>
         <apiDesc>
	 Loading states for <codeph>Assets</codeph> and <codeph>Groups</codeph>.
	 
	 </apiDesc>
      </apiClassifier>
   </apiPackage>
   <apiPackage id="org.robotlegs.utilities.assetloader.error">
      <apiName>org.robotlegs.utilities.assetloader.error</apiName>
      <apiClassifier id="org.robotlegs.utilities.assetloader.error:AssetLoaderError">
         <apiName>AssetLoaderError</apiName>
         <shortdesc>
	 Custom error Class for an AssetLoader.</shortdesc>
         <apiClassifierDetail>
            <apiClassifierDef>
               <apiAccess value="public"/>
               <apiStatic/>
               <apiBaseClassifier>Error</apiBaseClassifier>
            </apiClassifierDef>
         </apiClassifierDetail>
         <apiDesc>
	 Custom error <codeph>Class</codeph> for an <codeph>AssetLoader</codeph>.
	 
	 </apiDesc>
      </apiClassifier>
   </apiPackage>
   <apiPackage id="org.robotlegs.utilities.assetloader.events">
      <apiName>org.robotlegs.utilities.assetloader.events</apiName>
      <apiClassifier id="org.robotlegs.utilities.assetloader.events:AssetLoaderEvent">
         <apiName>AssetLoaderEvent</apiName>
         <shortdesc>
	 Custom Event for AssetLoader.</shortdesc>
         <apiClassifierDetail>
            <apiClassifierDef>
               <apiAccess value="public"/>
               <apiStatic/>
               <apiBaseClassifier>flash.events:Event</apiBaseClassifier>
            </apiClassifierDef>
         </apiClassifierDetail>
         <apiDesc>
	 Custom <codeph>Event</codeph> for <codeph>AssetLoader</codeph>.
	 
	 </apiDesc>
      </apiClassifier>
   </apiPackage>
   <apiPackage id="org.robotlegs.utilities.assetloader.patterns.asset.type">
      <apiName>org.robotlegs.utilities.assetloader.patterns.asset.type</apiName>
      <apiClassifier id="org.robotlegs.utilities.assetloader.patterns.asset.type:CSSAsset">
         <apiName>CSSAsset</apiName>
         <shortdesc>
	 Automatic assigned type of Asset for loading stylesheets (css).</shortdesc>
         <apiClassifierDetail>
            <apiClassifierDef>
               <apiAccess value="public"/>
               <apiStatic/>
               <apiBaseClassifier>org.robotlegs.utilities.assetloader.patterns.asset:Asset</apiBaseClassifier>
            </apiClassifierDef>
         </apiClassifierDetail>
         <apiDesc>
	 Automatic assigned type of <codeph>Asset</codeph> for loading stylesheets (css).
	 
	 </apiDesc>
      </apiClassifier>
      <apiClassifier id="org.robotlegs.utilities.assetloader.patterns.asset.type:DisplayObjectAsset">
         <apiName>DisplayObjectAsset</apiName>
         <shortdesc>
	 Automatic assigned type of Asset for loading Bitmaps (swf).</shortdesc>
         <apiClassifierDetail>
            <apiClassifierDef>
               <apiAccess value="public"/>
               <apiStatic/>
               <apiBaseClassifier>org.robotlegs.utilities.assetloader.patterns.asset:Asset</apiBaseClassifier>
            </apiClassifierDef>
         </apiClassifierDetail>
         <apiDesc>
	 Automatic assigned type of <codeph>Asset</codeph> for loading <codeph>Bitmaps</codeph> (swf).
	 
	 </apiDesc>
      </apiClassifier>
      <apiClassifier id="org.robotlegs.utilities.assetloader.patterns.asset.type:XMLAsset">
         <apiName>XMLAsset</apiName>
         <shortdesc>
	 Automatic assigned type of Asset for loading Bitmaps (xml).</shortdesc>
         <apiClassifierDetail>
            <apiClassifierDef>
               <apiAccess value="public"/>
               <apiStatic/>
               <apiBaseClassifier>org.robotlegs.utilities.assetloader.patterns.asset:Asset</apiBaseClassifier>
            </apiClassifierDef>
         </apiClassifierDetail>
         <apiDesc>
	 Automatic assigned type of <codeph>Asset</codeph> for loading <codeph>Bitmaps</codeph> (xml).
	 
	 </apiDesc>
      </apiClassifier>
      <apiClassifier id="org.robotlegs.utilities.assetloader.patterns.asset.type:SoundAsset">
         <apiName>SoundAsset</apiName>
         <shortdesc>
	 Automatic assigned type of Asset for loading Bitmaps (mp3, wav, aif).</shortdesc>
         <apiClassifierDetail>
            <apiClassifierDef>
               <apiAccess value="public"/>
               <apiStatic/>
               <apiBaseClassifier>org.robotlegs.utilities.assetloader.patterns.asset:Asset</apiBaseClassifier>
            </apiClassifierDef>
         </apiClassifierDetail>
         <apiDesc>
	 Automatic assigned type of <codeph>Asset</codeph> for loading <codeph>Bitmaps</codeph> (mp3, wav, aif).
	 
	 </apiDesc>
      </apiClassifier>
      <apiClassifier id="org.robotlegs.utilities.assetloader.patterns.asset.type:BitmapAsset">
         <apiName>BitmapAsset</apiName>
         <shortdesc>
	 Automatic assigned type of Asset for loading Bitmaps (png, gif, jpg and jpeg).</shortdesc>
         <apiClassifierDetail>
            <apiClassifierDef>
               <apiAccess value="public"/>
               <apiStatic/>
               <apiBaseClassifier>org.robotlegs.utilities.assetloader.patterns.asset:Asset</apiBaseClassifier>
            </apiClassifierDef>
         </apiClassifierDetail>
         <apiDesc>
	 Automatic assigned type of <codeph>Asset</codeph> for loading <codeph>Bitmaps</codeph> (png, gif, jpg and jpeg).
	 
	 </apiDesc>
      </apiClassifier>
   </apiPackage>
   <apiPackage id="org.robotlegs.utilities.assetloader.patterns.asset">
      <apiName>org.robotlegs.utilities.assetloader.patterns.asset</apiName>
      <apiClassifier id="org.robotlegs.utilities.assetloader.patterns.asset:Asset">
         <apiName>Asset</apiName>
         <shortdesc>
	 Abstract implementation of IAsset.</shortdesc>
         <apiClassifierDetail>
            <apiClassifierDef>
               <apiAccess value="public"/>
               <apiStatic/>
               <apiBaseInterface>org.robotlegs.utilities.assetloader.patterns.asset:IAsset</apiBaseInterface>
               <apiBaseClassifier>flash.events:EventDispatcher</apiBaseClassifier>
            </apiClassifierDef>
         </apiClassifierDetail>
         <apiDesc>
	 Abstract implementation of <codeph>IAsset</codeph>.
	 
	 </apiDesc>
      </apiClassifier>
      <apiClassifier id="org.robotlegs.utilities.assetloader.patterns.asset:IAsset">
         <apiName>IAsset</apiName>
         <shortdesc>
	 The interface definition for an Asset.</shortdesc>
         <apiClassifierDetail>
            <apiClassifierDef>
               <apiInterface/>
               <apiAccess value="public"/>
               <apiStatic/>
               <apiBaseClassifier/>
            </apiClassifierDef>
         </apiClassifierDetail>
         <apiDesc>
	 The interface definition for an <codeph>Asset</codeph>.
	 
	 </apiDesc>
      </apiClassifier>
   </apiPackage>
   <apiPackage id="org.robotlegs.utilities.assetloader.patterns.group">
      <apiName>org.robotlegs.utilities.assetloader.patterns.group</apiName>
      <apiClassifier id="org.robotlegs.utilities.assetloader.patterns.group:IGroup">
         <apiName>IGroup</apiName>
         <shortdesc>
	 The interface definition for a Group.</shortdesc>
         <apiClassifierDetail>
            <apiClassifierDef>
               <apiInterface/>
               <apiAccess value="public"/>
               <apiStatic/>
               <apiBaseClassifier/>
            </apiClassifierDef>
         </apiClassifierDetail>
         <apiDesc>
	 The interface definition for a <codeph>Group</codeph>.
	 
	 </apiDesc>
      </apiClassifier>
      <apiClassifier id="org.robotlegs.utilities.assetloader.patterns.group:Group">
         <apiName>Group</apiName>
         <shortdesc>
	 Abstract implementation of IGroup.</shortdesc>
         <apiClassifierDetail>
            <apiClassifierDef>
               <apiAccess value="public"/>
               <apiStatic/>
               <apiBaseInterface>org.robotlegs.utilities.assetloader.patterns.group:IGroup</apiBaseInterface>
               <apiBaseClassifier>flash.events:EventDispatcher</apiBaseClassifier>
            </apiClassifierDef>
         </apiClassifierDetail>
         <apiDesc>
	 Abstract implementation of <codeph>IGroup</codeph>.
	 
	 </apiDesc>
      </apiClassifier>
   </apiPackage>
   <apiPackage id="org.robotlegs.utilities.assetloader.utils">
      <apiName>org.robotlegs.utilities.assetloader.utils</apiName>
      <apiClassifier id="org.robotlegs.utilities.assetloader.utils:AssetUtil">
         <apiName>AssetUtil</apiName>
         <shortdesc>
	 Utilities for Asset related functionalities.</shortdesc>
         <apiClassifierDetail>
            <apiClassifierDef>
               <apiAccess value="public"/>
               <apiStatic/>
               <apiBaseClassifier>Object</apiBaseClassifier>
            </apiClassifierDef>
         </apiClassifierDetail>
         <apiDesc>
	 Utilities for <codeph>Asset</codeph> related functionalities.
	 
	 </apiDesc>
      </apiClassifier>
   </apiPackage>
   <apiPackage id="org.robotlegs.utilities.layers.controller.install">
      <apiName>org.robotlegs.utilities.layers.controller.install</apiName>
      <apiClassifier id="org.robotlegs.utilities.layers.controller.install:InstallLayersCommand">
         <apiName>InstallLayersCommand</apiName>
         <shortdesc>
	 Map dependencies of Layers.</shortdesc>
         <apiClassifierDetail>
            <apiClassifierDef>
               <apiAccess value="public"/>
               <apiStatic/>
               <apiBaseClassifier>org.robotlegs.mvcs:Command</apiBaseClassifier>
            </apiClassifierDef>
         </apiClassifierDetail>
         <apiDesc>
	 Map dependencies of <codeph>Layers</codeph>.
	 
	 <p>The following depedencies are available after executing this <codeph>Command</codeph>:</p>
	 
	           <ul>
	 	            <li>
                  <codeph>ILayers</codeph>
               </li>
	           </ul>
	 
	        </apiDesc>
      </apiClassifier>
   </apiPackage>
   <apiPackage id="org.robotlegs.utilities.layers.controller.layer">
      <apiName>org.robotlegs.utilities.layers.controller.layer</apiName>
      <apiClassifier id="org.robotlegs.utilities.layers.controller.layer:TransferLayerCommand">
         <apiName>TransferLayerCommand</apiName>
         <shortdesc>
	 Transfer a Layer to an other childIndex in the contextView.</shortdesc>
         <apiClassifierDetail>
            <apiClassifierDef>
               <apiAccess value="public"/>
               <apiStatic/>
               <apiBaseClassifier>org.robotlegs.mvcs:Command</apiBaseClassifier>
            </apiClassifierDef>
         </apiClassifierDetail>
         <apiDesc>
	 Transfer a <codeph>Layer</codeph> to an other childIndex in the <codeph>contextView</codeph>.
	 
	 </apiDesc>
      </apiClassifier>
      <apiClassifier id="org.robotlegs.utilities.layers.controller.layer:RemoveLayerCommand">
         <apiName>RemoveLayerCommand</apiName>
         <shortdesc>
	 Remove a Layer from the contextView.</shortdesc>
         <apiClassifierDetail>
            <apiClassifierDef>
               <apiAccess value="public"/>
               <apiStatic/>
               <apiBaseClassifier>org.robotlegs.mvcs:Command</apiBaseClassifier>
            </apiClassifierDef>
         </apiClassifierDetail>
         <apiDesc>
	 Remove a <codeph>Layer</codeph> from the <codeph>contextView</codeph>.
	 
	 </apiDesc>
      </apiClassifier>
      <apiClassifier id="org.robotlegs.utilities.layers.controller.layer:AddLayerCommand">
         <apiName>AddLayerCommand</apiName>
         <shortdesc>
	 Add a Layer to the contextView.</shortdesc>
         <apiClassifierDetail>
            <apiClassifierDef>
               <apiAccess value="public"/>
               <apiStatic/>
               <apiBaseClassifier>org.robotlegs.mvcs:Command</apiBaseClassifier>
            </apiClassifierDef>
         </apiClassifierDetail>
         <apiDesc>
	 Add a <codeph>Layer</codeph> to the <codeph>contextView</codeph>.
	 
	 </apiDesc>
      </apiClassifier>
   </apiPackage>
   <apiPackage id="org.robotlegs.utilities.layers.core">
      <apiName>org.robotlegs.utilities.layers.core</apiName>
      <apiClassifier id="org.robotlegs.utilities.layers.core:Layers">
         <apiName>Layers</apiName>
         <shortdesc>
	 This utility allows you to manage your displayList in layers.</shortdesc>
         <apiClassifierDetail>
            <apiClassifierDef>
               <apiAccess value="public"/>
               <apiStatic/>
               <apiBaseInterface>org.robotlegs.utilities.layers.core:ILayers</apiBaseInterface>
               <apiBaseClassifier>org.robotlegs.mvcs:Actor</apiBaseClassifier>
            </apiClassifierDef>
         </apiClassifierDetail>
         <apiDesc>
	 This utility allows you to manage your displayList in layers.
	 
	 <p>The advantage of using <codeph>Layers</codeph> is that you have all your type of viewComponents at one place.
	 For example all <codeph>Pages</codeph> are added in a <codeph>Layer</codeph> named <codeph>pages</codeph>. By using <codeph>Layers</codeph>
	 you can easily switch the user interface on and off while navigating. Therefore we advice you to use <codeph>Navigator</codeph>
	 or page transitions. Remember to set the property <codeph>lockLayersWhileTransitioning</codeph> of <codeph>Navigator</codeph>
	 to <codeph>true</codeph>
            </p>. You can also manually set the user interface on and off of the independend <codeph>Layers</codeph>.
	 
	 </apiDesc>
      </apiClassifier>
      <apiClassifier id="org.robotlegs.utilities.layers.core:ILayers">
         <apiName>ILayers</apiName>
         <shortdesc>
	 The interface definition for Layers.</shortdesc>
         <apiClassifierDetail>
            <apiClassifierDef>
               <apiInterface/>
               <apiAccess value="public"/>
               <apiStatic/>
               <apiBaseClassifier/>
            </apiClassifierDef>
         </apiClassifierDetail>
         <apiDesc>
	 The interface definition for <codeph>Layers</codeph>.
	 
	 </apiDesc>
      </apiClassifier>
   </apiPackage>
   <apiPackage id="org.robotlegs.utilities.layers.error">
      <apiName>org.robotlegs.utilities.layers.error</apiName>
      <apiClassifier id="org.robotlegs.utilities.layers.error:LayersError">
         <apiName>LayersError</apiName>
         <shortdesc>
	 Custom error Class for an AssetLoader.</shortdesc>
         <apiClassifierDetail>
            <apiClassifierDef>
               <apiAccess value="public"/>
               <apiStatic/>
               <apiBaseClassifier>Error</apiBaseClassifier>
            </apiClassifierDef>
         </apiClassifierDetail>
         <apiDesc>
	 Custom error <codeph>Class</codeph> for an <codeph>AssetLoader</codeph>.
	 
	 </apiDesc>
      </apiClassifier>
   </apiPackage>
   <apiPackage id="org.robotlegs.utilities.layers.events">
      <apiName>org.robotlegs.utilities.layers.events</apiName>
      <apiClassifier id="org.robotlegs.utilities.layers.events:LayersEvent">
         <apiName>LayersEvent</apiName>
         <shortdesc>
	 Custom Event for Layers.</shortdesc>
         <apiClassifierDetail>
            <apiClassifierDef>
               <apiAccess value="public"/>
               <apiStatic/>
               <apiBaseClassifier>flash.events:Event</apiBaseClassifier>
            </apiClassifierDef>
         </apiClassifierDetail>
         <apiDesc>
	 Custom <codeph>Event</codeph> for <codeph>Layers</codeph>.
	 
	 </apiDesc>
      </apiClassifier>
   </apiPackage>
   <apiPackage id="org.robotlegs.utilities.layers.patterns.layer">
      <apiName>org.robotlegs.utilities.layers.patterns.layer</apiName>
      <apiClassifier id="org.robotlegs.utilities.layers.patterns.layer:Layer">
         <apiName>Layer</apiName>
         <shortdesc>
	 Abstract implementation of IAsset.</shortdesc>
         <apiClassifierDetail>
            <apiClassifierDef>
               <apiAccess value="public"/>
               <apiStatic/>
               <apiBaseInterface>org.robotlegs.utilities.layers.patterns.layer:ILayer</apiBaseInterface>
               <apiBaseClassifier>flash.display:Sprite</apiBaseClassifier>
            </apiClassifierDef>
         </apiClassifierDetail>
         <apiDesc>
	 Abstract implementation of <codeph>IAsset</codeph>.
	 
	 </apiDesc>
      </apiClassifier>
      <apiClassifier id="org.robotlegs.utilities.layers.patterns.layer:ILayer">
         <apiName>ILayer</apiName>
         <shortdesc>
	 The interface definition for Layers.</shortdesc>
         <apiClassifierDetail>
            <apiClassifierDef>
               <apiInterface/>
               <apiAccess value="public"/>
               <apiStatic/>
               <apiBaseClassifier/>
            </apiClassifierDef>
         </apiClassifierDetail>
         <apiDesc>
	 The interface definition for <codeph>Layers</codeph>.
	 
	 </apiDesc>
      </apiClassifier>
   </apiPackage>
   <apiPackage id="org.robotlegs.utilities.localizer.controller.data">
      <apiName>org.robotlegs.utilities.localizer.controller.data</apiName>
      <apiClassifier id="org.robotlegs.utilities.localizer.controller.data:LocalizeDataCommand">
         <apiName>LocalizeDataCommand</apiName>
         <shortdesc>
	 Localize XML or Object data.</shortdesc>
         <apiClassifierDetail>
            <apiClassifierDef>
               <apiAccess value="public"/>
               <apiStatic/>
               <apiBaseClassifier>org.robotlegs.mvcs:Command</apiBaseClassifier>
            </apiClassifierDef>
         </apiClassifierDetail>
         <apiDesc>
	 Localize <codeph>XML</codeph> or <codeph>Object</codeph> data.
	 
	 </apiDesc>
      </apiClassifier>
   </apiPackage>
   <apiPackage id="org.robotlegs.utilities.localizer.controller.install">
      <apiName>org.robotlegs.utilities.localizer.controller.install</apiName>
      <apiClassifier id="org.robotlegs.utilities.localizer.controller.install:InstallLocalizerCommand">
         <apiName>InstallLocalizerCommand</apiName>
         <shortdesc>
	 Map dependencies of Localizer.</shortdesc>
         <apiClassifierDetail>
            <apiClassifierDef>
               <apiAccess value="public"/>
               <apiStatic/>
               <apiBaseClassifier>org.robotlegs.mvcs:Command</apiBaseClassifier>
            </apiClassifierDef>
         </apiClassifierDetail>
         <apiDesc>
	 Map dependencies of <codeph>Localizer</codeph>.
	 
	 <p>The following depedencies are available after executing this <codeph>Command</codeph>:</p>
	 
	           <ul>
	 	            <li>
                  <codeph>ILocalizer</codeph>
               </li>
	           </ul>
	 
	        </apiDesc>
      </apiClassifier>
   </apiPackage>
   <apiPackage id="org.robotlegs.utilities.localizer.core">
      <apiName>org.robotlegs.utilities.localizer.core</apiName>
      <apiClassifier id="org.robotlegs.utilities.localizer.core:ILocalizer">
         <apiName>ILocalizer</apiName>
         <shortdesc>
	 The interface definition for Localizer.</shortdesc>
         <apiClassifierDetail>
            <apiClassifierDef>
               <apiInterface/>
               <apiAccess value="public"/>
               <apiStatic/>
               <apiBaseClassifier/>
            </apiClassifierDef>
         </apiClassifierDetail>
         <apiDesc>
	 The interface definition for <codeph>Localizer</codeph>.
	 
	 </apiDesc>
      </apiClassifier>
      <apiClassifier id="org.robotlegs.utilities.localizer.core:Localizer">
         <apiName>Localizer</apiName>
         <shortdesc>
	 This utility allows you to automatically map iterations of XML
	 or Object data in the Injector.</shortdesc>
         <apiClassifierDetail>
            <apiClassifierDef>
               <apiAccess value="public"/>
               <apiStatic/>
               <apiBaseInterface>org.robotlegs.utilities.localizer.core:ILocalizer</apiBaseInterface>
               <apiBaseClassifier>org.robotlegs.mvcs:Actor</apiBaseClassifier>
            </apiClassifierDef>
         </apiClassifierDetail>
         <apiDesc>
	 This utility allows you to automatically map iterations of <codeph>XML</codeph>
	 or <codeph>Object</codeph> data in the <codeph>Injector</codeph>.
	 
	 </apiDesc>
      </apiClassifier>
   </apiPackage>
   <apiPackage id="org.robotlegs.utilities.localizer.error">
      <apiName>org.robotlegs.utilities.localizer.error</apiName>
      <apiClassifier id="org.robotlegs.utilities.localizer.error:LocalizerError">
         <apiName>LocalizerError</apiName>
         <shortdesc>
	 
	 
	 </shortdesc>
         <apiClassifierDetail>
            <apiClassifierDef>
               <apiAccess value="public"/>
               <apiStatic/>
               <apiBaseClassifier>Error</apiBaseClassifier>
            </apiClassifierDef>
         </apiClassifierDetail>
         <apiDesc>
	 
	 
	 </apiDesc>
      </apiClassifier>
   </apiPackage>
   <apiPackage id="org.robotlegs.utilities.localizer.events">
      <apiName>org.robotlegs.utilities.localizer.events</apiName>
      <apiClassifier id="org.robotlegs.utilities.localizer.events:LocalizerEvent">
         <apiName>LocalizerEvent</apiName>
         <shortdesc>
	 Custom Event for Localizer.</shortdesc>
         <apiClassifierDetail>
            <apiClassifierDef>
               <apiAccess value="public"/>
               <apiStatic/>
               <apiBaseClassifier>flash.events:Event</apiBaseClassifier>
            </apiClassifierDef>
         </apiClassifierDetail>
         <apiDesc>
	 Custom <codeph>Event</codeph> for <codeph>Localizer</codeph>.
	 
	 </apiDesc>
      </apiClassifier>
   </apiPackage>
   <apiPackage id="org.robotlegs.utilities.localizer.patterns.locale">
      <apiName>org.robotlegs.utilities.localizer.patterns.locale</apiName>
      <apiClassifier id="org.robotlegs.utilities.localizer.patterns.locale:Locale">
         <apiName>Locale</apiName>
         <shortdesc>
	 Abstract implementation of ILocale.</shortdesc>
         <apiClassifierDetail>
            <apiClassifierDef>
               <apiAccess value="public"/>
               <apiStatic/>
               <apiBaseInterface>org.robotlegs.utilities.localizer.patterns.locale:ILocale</apiBaseInterface>
               <apiBaseClassifier>Object</apiBaseClassifier>
            </apiClassifierDef>
         </apiClassifierDetail>
         <apiDesc>
	 Abstract implementation of <codeph>ILocale</codeph>.
	 
	 </apiDesc>
      </apiClassifier>
      <apiClassifier id="org.robotlegs.utilities.localizer.patterns.locale:ILocale">
         <apiName>ILocale</apiName>
         <shortdesc>
	 The interface definition for an Locale.</shortdesc>
         <apiClassifierDetail>
            <apiClassifierDef>
               <apiInterface/>
               <apiAccess value="public"/>
               <apiStatic/>
               <apiBaseClassifier/>
            </apiClassifierDef>
         </apiClassifierDetail>
         <apiDesc>
	 The interface definition for an <codeph>Locale</codeph>.
	 
	 </apiDesc>
      </apiClassifier>
   </apiPackage>
   <apiPackage id="org.robotlegs.utilities.navigator.controller.install">
      <apiName>org.robotlegs.utilities.navigator.controller.install</apiName>
      <apiClassifier id="org.robotlegs.utilities.navigator.controller.install:InstallNavigatorCommand">
         <apiName>InstallNavigatorCommand</apiName>
         <shortdesc>
	 Map dependencies of Navigator.</shortdesc>
         <apiClassifierDetail>
            <apiClassifierDef>
               <apiAccess value="public"/>
               <apiStatic/>
               <apiBaseClassifier>org.robotlegs.mvcs:Command</apiBaseClassifier>
            </apiClassifierDef>
         </apiClassifierDetail>
         <apiDesc>
	 Map dependencies of <codeph>Navigator</codeph>.
	 
	 <p>The following depedencies are available after executing this <codeph>Command</codeph>:</p>
	 
	           <ul>
	 	            <li>
                  <codeph>INavigator</codeph>
               </li>
	           </ul>
	 
	        </apiDesc>
      </apiClassifier>
   </apiPackage>
   <apiPackage id="org.robotlegs.utilities.navigator.controller.page">
      <apiName>org.robotlegs.utilities.navigator.controller.page</apiName>
      <apiClassifier id="org.robotlegs.utilities.navigator.controller.page:NavigateToPageCommand">
         <apiName>NavigateToPageCommand</apiName>
         <shortdesc>
	 
	 
	 </shortdesc>
         <apiClassifierDetail>
            <apiClassifierDef>
               <apiAccess value="public"/>
               <apiStatic/>
               <apiBaseClassifier>org.robotlegs.mvcs:Command</apiBaseClassifier>
            </apiClassifierDef>
         </apiClassifierDetail>
         <apiDesc>
	 
	 
	 </apiDesc>
      </apiClassifier>
   </apiPackage>
   <apiPackage id="org.robotlegs.utilities.navigator.core">
      <apiName>org.robotlegs.utilities.navigator.core</apiName>
      <apiClassifier id="org.robotlegs.utilities.navigator.core:INavigator">
         <apiName>INavigator</apiName>
         <shortdesc>
	 Abstract INavigator interface.</shortdesc>
         <apiClassifierDetail>
            <apiClassifierDef>
               <apiInterface/>
               <apiAccess value="public"/>
               <apiStatic/>
               <apiBaseClassifier/>
            </apiClassifierDef>
         </apiClassifierDetail>
         <apiDesc>
	 Abstract <codeph>INavigator</codeph> interface.
	 
	 </apiDesc>
      </apiClassifier>
      <apiClassifier id="org.robotlegs.utilities.navigator.core:Navigator">
         <apiName>Navigator</apiName>
         <shortdesc>
	 Abstract Navigator implementation.</shortdesc>
         <apiClassifierDetail>
            <apiClassifierDef>
               <apiAccess value="public"/>
               <apiStatic/>
               <apiBaseInterface>org.robotlegs.utilities.navigator.core:INavigator</apiBaseInterface>
               <apiBaseClassifier>org.robotlegs.mvcs:Actor</apiBaseClassifier>
            </apiClassifierDef>
         </apiClassifierDetail>
         <apiDesc>
	 Abstract <codeph>Navigator</codeph> implementation.
	 
	 </apiDesc>
      </apiClassifier>
   </apiPackage>
   <apiPackage id="org.robotlegs.utilities.navigator.error">
      <apiName>org.robotlegs.utilities.navigator.error</apiName>
      <apiClassifier id="org.robotlegs.utilities.navigator.error:NavigatorError">
         <apiName>NavigatorError</apiName>
         <shortdesc>
	 
	 
	 </shortdesc>
         <apiClassifierDetail>
            <apiClassifierDef>
               <apiAccess value="public"/>
               <apiStatic/>
               <apiBaseClassifier>Error</apiBaseClassifier>
            </apiClassifierDef>
         </apiClassifierDetail>
         <apiDesc>
	 
	 
	 </apiDesc>
      </apiClassifier>
   </apiPackage>
   <apiPackage id="org.robotlegs.utilities.navigator.events">
      <apiName>org.robotlegs.utilities.navigator.events</apiName>
      <apiClassifier id="org.robotlegs.utilities.navigator.events:NavigatorEvent">
         <apiName>NavigatorEvent</apiName>
         <shortdesc>
	 
	 
	 </shortdesc>
         <apiClassifierDetail>
            <apiClassifierDef>
               <apiAccess value="public"/>
               <apiStatic/>
               <apiBaseClassifier>flash.events:Event</apiBaseClassifier>
            </apiClassifierDef>
         </apiClassifierDetail>
         <apiDesc>
	 
	 
	 </apiDesc>
      </apiClassifier>
   </apiPackage>
   <apiPackage id="org.robotlegs.utilities.navigator.patterns.page">
      <apiName>org.robotlegs.utilities.navigator.patterns.page</apiName>
      <apiClassifier id="org.robotlegs.utilities.navigator.patterns.page:Page">
         <apiName>Page</apiName>
         <shortdesc>
	 Abstract Page implementation.</shortdesc>
         <apiClassifierDetail>
            <apiClassifierDef>
               <apiAccess value="public"/>
               <apiStatic/>
               <apiBaseInterface>org.robotlegs.utilities.navigator.patterns.page:IPage</apiBaseInterface>
               <apiBaseClassifier>flash.display:Sprite</apiBaseClassifier>
            </apiClassifierDef>
         </apiClassifierDetail>
         <apiDesc>
	 Abstract <codeph>Page</codeph> implementation.
	 
	 </apiDesc>
      </apiClassifier>
      <apiClassifier id="org.robotlegs.utilities.navigator.patterns.page:IPage">
         <apiName>IPage</apiName>
         <shortdesc>
	 Abstract IPage interface.</shortdesc>
         <apiClassifierDetail>
            <apiClassifierDef>
               <apiInterface/>
               <apiAccess value="public"/>
               <apiStatic/>
               <apiBaseClassifier/>
            </apiClassifierDef>
         </apiClassifierDetail>
         <apiDesc>
	 Abstract <codeph>IPage</codeph> interface.
	 
	 </apiDesc>
      </apiClassifier>
   </apiPackage>
   <apiPackage id="org.robotlegs.utilities.navigator.patterns.transition">
      <apiName>org.robotlegs.utilities.navigator.patterns.transition</apiName>
      <apiClassifier id="org.robotlegs.utilities.navigator.patterns.transition:ITransition">
         <apiName>ITransition</apiName>
         <shortdesc>
	 Abstract ITransition interface.</shortdesc>
         <apiClassifierDetail>
            <apiClassifierDef>
               <apiInterface/>
               <apiAccess value="public"/>
               <apiStatic/>
               <apiBaseClassifier/>
            </apiClassifierDef>
         </apiClassifierDetail>
         <apiDesc>
	 Abstract <codeph>ITransition</codeph> interface.
	 
	 </apiDesc>
      </apiClassifier>
      <apiClassifier id="org.robotlegs.utilities.navigator.patterns.transition:Transition">
         <apiName>Transition</apiName>
         <shortdesc>
	 Abstract Transition implementation.</shortdesc>
         <apiClassifierDetail>
            <apiClassifierDef>
               <apiAccess value="public"/>
               <apiStatic/>
               <apiBaseInterface>org.robotlegs.utilities.navigator.patterns.transition:ITransition</apiBaseInterface>
               <apiBaseClassifier>Object</apiBaseClassifier>
            </apiClassifierDef>
         </apiClassifierDetail>
         <apiDesc>
	 Abstract <codeph>Transition</codeph> implementation.
	 
	 </apiDesc>
      </apiClassifier>
   </apiPackage>
   <apiPackage id="org.robotlegs.utilities.navigator.utils">
      <apiName>org.robotlegs.utilities.navigator.utils</apiName>
      <apiClassifier id="org.robotlegs.utilities.navigator.utils:NavigatorUtil">
         <apiName>NavigatorUtil</apiName>
         <shortdesc>
	 Utility to provide consistent Transition methods.</shortdesc>
         <apiClassifierDetail>
            <apiClassifierDef>
               <apiAccess value="public"/>
               <apiStatic/>
               <apiBaseClassifier>Object</apiBaseClassifier>
            </apiClassifierDef>
         </apiClassifierDetail>
         <apiDesc>
	 Utility to provide consistent <codeph>Transition</codeph> methods.
	 
	 </apiDesc>
      </apiClassifier>
   </apiPackage>
   <apiPackage id="org.robotlegs.utilities.router.controller.install">
      <apiName>org.robotlegs.utilities.router.controller.install</apiName>
      <apiClassifier id="org.robotlegs.utilities.router.controller.install:InstallRouterCommand">
         <apiName>InstallRouterCommand</apiName>
         <shortdesc>
	 Map dependencies of Router.</shortdesc>
         <apiClassifierDetail>
            <apiClassifierDef>
               <apiAccess value="public"/>
               <apiStatic/>
               <apiBaseClassifier>org.robotlegs.mvcs:Command</apiBaseClassifier>
            </apiClassifierDef>
         </apiClassifierDetail>
         <apiDesc>
	 Map dependencies of <codeph>Router</codeph>.
	 
	 <p>The following depedencies are available after executing this <codeph>Command</codeph>:</p>
	           <ul>
	 	            <li>
                  <codeph>IRouter</codeph>
               </li>
	           </ul>
	 
	        </apiDesc>
      </apiClassifier>
   </apiPackage>
   <apiPackage id="org.robotlegs.utilities.router.controller.route">
      <apiName>org.robotlegs.utilities.router.controller.route</apiName>
      <apiClassifier id="org.robotlegs.utilities.router.controller.route:MapEventToRouteCommand">
         <apiName>MapEventToRouteCommand</apiName>
         <shortdesc>
	 Map a Command to a specific Route.</shortdesc>
         <apiClassifierDetail>
            <apiClassifierDef>
               <apiAccess value="public"/>
               <apiStatic/>
               <apiBaseClassifier>org.robotlegs.mvcs:Command</apiBaseClassifier>
            </apiClassifierDef>
         </apiClassifierDetail>
         <apiDesc>
	 Map a <codeph>Command</codeph> to a specific <codeph>Route</codeph>.
	 
	 </apiDesc>
      </apiClassifier>
      <apiClassifier id="org.robotlegs.utilities.router.controller.route:RemoveEventFromRouteCommand">
         <apiName>RemoveEventFromRouteCommand</apiName>
         <shortdesc>
	 
	 
	 </shortdesc>
         <apiClassifierDetail>
            <apiClassifierDef>
               <apiAccess value="public"/>
               <apiStatic/>
               <apiBaseClassifier>org.robotlegs.mvcs:Command</apiBaseClassifier>
            </apiClassifierDef>
         </apiClassifierDetail>
         <apiDesc>
	 
	 
	 </apiDesc>
      </apiClassifier>
   </apiPackage>
   <apiPackage id="org.robotlegs.utilities.router.core">
      <apiName>org.robotlegs.utilities.router.core</apiName>
      <apiClassifier id="org.robotlegs.utilities.router.core:IRouter">
         <apiName>IRouter</apiName>
         <shortdesc>
	 Abstract IRouter interface.</shortdesc>
         <apiClassifierDetail>
            <apiClassifierDef>
               <apiInterface/>
               <apiAccess value="public"/>
               <apiStatic/>
               <apiBaseClassifier/>
            </apiClassifierDef>
         </apiClassifierDetail>
         <apiDesc>
	 Abstract <codeph>IRouter</codeph> interface.
	 
	 </apiDesc>
      </apiClassifier>
      <apiClassifier id="org.robotlegs.utilities.router.core:Router">
         <apiName>Router</apiName>
         <shortdesc>
	 Abstract MacroCommand implementation.</shortdesc>
         <apiClassifierDetail>
            <apiClassifierDef>
               <apiAccess value="public"/>
               <apiStatic/>
               <apiBaseInterface>org.robotlegs.utilities.router.core:IRouter</apiBaseInterface>
               <apiBaseClassifier>org.robotlegs.mvcs:Actor</apiBaseClassifier>
            </apiClassifierDef>
         </apiClassifierDetail>
         <apiDesc>
	 Abstract <codeph>MacroCommand</codeph> implementation.
	 
	 </apiDesc>
      </apiClassifier>
   </apiPackage>
   <apiPackage id="org.robotlegs.utilities.router.error">
      <apiName>org.robotlegs.utilities.router.error</apiName>
      <apiClassifier id="org.robotlegs.utilities.router.error:RouterError">
         <apiName>RouterError</apiName>
         <shortdesc>
	 
	 
	 </shortdesc>
         <apiClassifierDetail>
            <apiClassifierDef>
               <apiAccess value="public"/>
               <apiStatic/>
               <apiBaseClassifier>Error</apiBaseClassifier>
            </apiClassifierDef>
         </apiClassifierDetail>
         <apiDesc>
	 
	 
	 </apiDesc>
      </apiClassifier>
   </apiPackage>
   <apiPackage id="org.robotlegs.utilities.router.events">
      <apiName>org.robotlegs.utilities.router.events</apiName>
      <apiClassifier id="org.robotlegs.utilities.router.events:RouterEvent">
         <apiName>RouterEvent</apiName>
         <shortdesc>
	 
	 
	 </shortdesc>
         <apiClassifierDetail>
            <apiClassifierDef>
               <apiAccess value="public"/>
               <apiStatic/>
               <apiBaseClassifier>flash.events:Event</apiBaseClassifier>
            </apiClassifierDef>
         </apiClassifierDetail>
         <apiDesc>
	 
	 
	 </apiDesc>
      </apiClassifier>
   </apiPackage>
   <apiPackage id="org.robotlegs.utilities.router.patterns.pattern">
      <apiName>org.robotlegs.utilities.router.patterns.pattern</apiName>
      <apiClassifier id="org.robotlegs.utilities.router.patterns.pattern:Pattern">
         <apiName>Pattern</apiName>
         <shortdesc>
	 Abstract Pattern implementation.</shortdesc>
         <apiClassifierDetail>
            <apiClassifierDef>
               <apiAccess value="public"/>
               <apiStatic/>
               <apiBaseInterface>org.robotlegs.utilities.router.patterns.pattern:IPattern</apiBaseInterface>
               <apiBaseClassifier>Object</apiBaseClassifier>
            </apiClassifierDef>
         </apiClassifierDetail>
         <apiDesc>
	 Abstract <codeph>Pattern</codeph> implementation.
	 
	 </apiDesc>
      </apiClassifier>
      <apiClassifier id="org.robotlegs.utilities.router.patterns.pattern:IPattern">
         <apiName>IPattern</apiName>
         <shortdesc>
	 Abstract IPattern interface.</shortdesc>
         <apiClassifierDetail>
            <apiClassifierDef>
               <apiInterface/>
               <apiAccess value="public"/>
               <apiStatic/>
               <apiBaseClassifier/>
            </apiClassifierDef>
         </apiClassifierDetail>
         <apiDesc>
	 Abstract <codeph>IPattern</codeph> interface.
	 
	 </apiDesc>
      </apiClassifier>
   </apiPackage>
   <apiPackage id="org.robotlegs.utilities.router.patterns.route">
      <apiName>org.robotlegs.utilities.router.patterns.route</apiName>
      <apiClassifier id="org.robotlegs.utilities.router.patterns.route:Route">
         <apiName>Route</apiName>
         <shortdesc>
	 Abstract Route implementation.</shortdesc>
         <apiClassifierDetail>
            <apiClassifierDef>
               <apiAccess value="public"/>
               <apiDynamic/>
               <apiBaseClassifier>flash.utils:Proxy</apiBaseClassifier>
            </apiClassifierDef>
         </apiClassifierDetail>
         <apiDesc>
	 Abstract <codeph>Route</codeph> implementation.
	 
	 </apiDesc>
      </apiClassifier>
   </apiPackage>
   <apiPackage id="org.robotlegs.utilities.styles.controller.install">
      <apiName>org.robotlegs.utilities.styles.controller.install</apiName>
      <apiClassifier id="org.robotlegs.utilities.styles.controller.install:InstallStylesCommand">
         <apiName>InstallStylesCommand</apiName>
         <shortdesc>
	 Map dependencies of Styles.</shortdesc>
         <apiClassifierDetail>
            <apiClassifierDef>
               <apiAccess value="public"/>
               <apiStatic/>
               <apiBaseClassifier>org.robotlegs.mvcs:Command</apiBaseClassifier>
            </apiClassifierDef>
         </apiClassifierDetail>
         <apiDesc>
	 Map dependencies of <codeph>Styles</codeph>.
	 
	 <p>The following depedencies are available after executing this <codeph>Command</codeph>:</p>
	 
	           <ul>
	 	            <li>
                  <codeph>IStyles</codeph>
               </li>
	           </ul>
	 
	        </apiDesc>
      </apiClassifier>
   </apiPackage>
   <apiPackage id="org.robotlegs.utilities.styles.core">
      <apiName>org.robotlegs.utilities.styles.core</apiName>
      <apiClassifier id="org.robotlegs.utilities.styles.core:IStyles">
         <apiName>IStyles</apiName>
         <shortdesc>
	 The interface definition for Styles.</shortdesc>
         <apiClassifierDetail>
            <apiClassifierDef>
               <apiInterface/>
               <apiAccess value="public"/>
               <apiStatic/>
               <apiBaseClassifier/>
            </apiClassifierDef>
         </apiClassifierDetail>
         <apiDesc>
	 The interface definition for <codeph>Styles</codeph>.
	 
	 </apiDesc>
      </apiClassifier>
      <apiClassifier id="org.robotlegs.utilities.styles.core:Styles">
         <apiName>Styles</apiName>
         <shortdesc>
	 
	 
	 </shortdesc>
         <apiClassifierDetail>
            <apiClassifierDef>
               <apiAccess value="public"/>
               <apiStatic/>
               <apiBaseInterface>org.robotlegs.utilities.styles.core:IStyles</apiBaseInterface>
               <apiBaseClassifier>org.robotlegs.mvcs:Actor</apiBaseClassifier>
            </apiClassifierDef>
         </apiClassifierDetail>
         <apiDesc>
	 
	 
	 </apiDesc>
      </apiClassifier>
   </apiPackage>
   <apiPackage id="org.robotlegs.utilities.styles.error">
      <apiName>org.robotlegs.utilities.styles.error</apiName>
      <apiClassifier id="org.robotlegs.utilities.styles.error:StylesError">
         <apiName>StylesError</apiName>
         <shortdesc>
	 
	 
	 </shortdesc>
         <apiClassifierDetail>
            <apiClassifierDef>
               <apiAccess value="public"/>
               <apiStatic/>
               <apiBaseClassifier>Error</apiBaseClassifier>
            </apiClassifierDef>
         </apiClassifierDetail>
         <apiDesc>
	 
	 
	 </apiDesc>
      </apiClassifier>
   </apiPackage>
   <apiPackage id="org.robotlegs.utilities.styles.events">
      <apiName>org.robotlegs.utilities.styles.events</apiName>
      <apiClassifier id="org.robotlegs.utilities.styles.events:StylesEvent">
         <apiName>StylesEvent</apiName>
         <shortdesc>
	 
	 
	 </shortdesc>
         <apiClassifierDetail>
            <apiClassifierDef>
               <apiAccess value="public"/>
               <apiStatic/>
               <apiBaseClassifier>flash.events:Event</apiBaseClassifier>
            </apiClassifierDef>
         </apiClassifierDetail>
         <apiDesc>
	 
	 
	 </apiDesc>
      </apiClassifier>
   </apiPackage>
   <apiPackage id="org.robotlegs.utilities.styles.view">
      <apiName>org.robotlegs.utilities.styles.view</apiName>
      <apiClassifier id="org.robotlegs.utilities.styles.view:StylesTextfield">
         <apiName>StylesTextfield</apiName>
         <shortdesc>
	 
	 
	 </shortdesc>
         <apiClassifierDetail>
            <apiClassifierDef>
               <apiAccess value="public"/>
               <apiStatic/>
               <apiBaseClassifier>flash.text:TextField</apiBaseClassifier>
            </apiClassifierDef>
         </apiClassifierDetail>
         <apiDesc>
	 
	 
	 </apiDesc>
      </apiClassifier>
   </apiPackage>
   <apiPackage id="org.robotlegs.utilities">
      <apiName>org.robotlegs.utilities</apiName>
      <apiClassifier id="org.robotlegs.utilities:Utilities">
         <apiName>Utilities</apiName>
         <shortdesc>
	 Utility to map dependencies of certain utilities.</shortdesc>
         <apiClassifierDetail>
            <apiClassifierDef>
               <apiAccess value="public"/>
               <apiStatic/>
               <apiBaseClassifier>Object</apiBaseClassifier>
            </apiClassifierDef>
         </apiClassifierDetail>
         <apiDesc>
	 Utility to map dependencies of certain utilities.
	 
	 <p>Probably the best place to define your mappings is in the <codeph>mapInjections</codeph> method
	 of your <codeph>Context</codeph>. You can simply call the method <codeph>mapDepedencies</codeph>
	 of <codeph>Utilities</codeph> to determine all your mappings for the following utilities.</p>
	 
	           <ul>
	 	            <li>
                  <codeph>AssetLoader</codeph>
               </li>
	 	            <li>
                  <codeph>Layers</codeph>
               </li>
	 	            <li>
                  <codeph>Localizer</codeph>
               </li>
	 	            <li>
                  <codeph>Navigator</codeph>
               </li>
	 	            <li>
                  <codeph>Router</codeph>
               </li>
	 	            <li>
                  <codeph>Styles</codeph>
               </li>
	           </ul>
	 
	        </apiDesc>
      </apiClassifier>
   </apiPackage>
   <apiPackage id="org.robotlegs.utils">
      <apiName>org.robotlegs.utils</apiName>
      <apiClassifier id="org.robotlegs.utils:ClassUtil">
         <apiName>ClassUtil</apiName>
         <shortdesc>
	 Utilities for Class related functionalities.</shortdesc>
         <apiClassifierDetail>
            <apiClassifierDef>
               <apiAccess value="public"/>
               <apiStatic/>
               <apiBaseClassifier>Object</apiBaseClassifier>
            </apiClassifierDef>
         </apiClassifierDetail>
         <apiDesc>
	 Utilities for <codeph>Class</codeph> related functionalities.
	 
	 </apiDesc>
      </apiClassifier>
   </apiPackage>
</allClasses>