<?xml version="1.0" encoding="UTF-8"?><apiPackage id="org.robotlegs.utilities.router.events"><apiName>org.robotlegs.utilities.router.events</apiName><apiDetail/><apiClassifier id="org.robotlegs.utilities.router.events:RouterEvent"><apiName>RouterEvent</apiName><shortdesc>
	 
	 
	 </shortdesc><prolog><author>r.moorman
	 </author><asMetadata/></prolog><apiClassifierDetail><apiClassifierDef><apiAccess value="public"/><apiStatic/><apiBaseClassifier>flash.events:Event</apiBaseClassifier></apiClassifierDef><apiDesc>
	 
	 
	 </apiDesc></apiClassifierDetail><apiConstructor id="org.robotlegs.utilities.router.events:RouterEvent:RouterEvent"><apiName>RouterEvent</apiName><shortdesc>
		 Constructor.</shortdesc><prolog/><apiConstructorDetail><apiConstructorDef><apiAccess value="public"/><apiParam><apiItemName>type</apiItemName><apiType value="String"/><apiDesc>	 </apiDesc></apiParam><apiParam><apiItemName>payload</apiItemName><apiType value="Object"/><apiData>null</apiData><apiDesc>	 </apiDesc></apiParam><apiParam><apiItemName>bubbles</apiItemName><apiType value="Boolean"/><apiData>false</apiData><apiDesc>	 </apiDesc></apiParam><apiParam><apiItemName>cancelable</apiItemName><apiType value="Boolean"/><apiData>false</apiData><apiDesc>	 </apiDesc></apiParam></apiConstructorDef><apiDesc>
		 Constructor.
		 
		 </apiDesc></apiConstructorDetail></apiConstructor><apiOperation id="org.robotlegs.utilities.router.events:RouterEvent:clone"><apiName>clone</apiName><shortdesc>
		 </shortdesc><prolog/><apiOperationDetail><apiOperationDef><apiAccess value="public"/><apiIsOverride/><apiReturn><apiType value="flash.events:Event"/></apiReturn></apiOperationDef><apiDesc>
		 </apiDesc></apiOperationDetail><apiInheritDoc/></apiOperation><apiValue id="org.robotlegs.utilities.router.events:RouterEvent:MAP_EVENT_TO_ROUTE"><apiName>MAP_EVENT_TO_ROUTE</apiName><shortdesc>
		 Dispatched when a new Route is added and it should be mapped to a Command.</shortdesc><prolog/><apiValueDetail><apiValueDef><apiAccess value="public"/><apiStatic/><apiData>org.robotlegs.utilities.router.events.RouterEvent.MAP_EVENT_TO_ROUTE</apiData><apiType value="String"/></apiValueDef><apiDesc>
		 Dispatched when a new <codeph>Route</codeph> is added and it should be mapped to a <codeph>Command</codeph>.
		 </apiDesc></apiValueDetail></apiValue><apiValue id="org.robotlegs.utilities.router.events:RouterEvent:NO_ROUTE_FOUND"><apiName>NO_ROUTE_FOUND</apiName><shortdesc>
		 Dispatched when the changed address doesn't match with any Route.</shortdesc><prolog/><apiValueDetail><apiValueDef><apiAccess value="public"/><apiStatic/><apiData>org.robotlegs.utilities.router.events.RouterEvent.NO_ROUTE_FOUND</apiData><apiType value="String"/></apiValueDef><apiDesc>
		 Dispatched when the changed address doesn't match with any <codeph>Route</codeph>.
		 </apiDesc></apiValueDetail></apiValue><apiValue id="org.robotlegs.utilities.router.events:RouterEvent:REMOVE_EVENT_FROM_ROUTE"><apiName>REMOVE_EVENT_FROM_ROUTE</apiName><shortdesc>
		 Dispatched when a Route should be unmapped from a Command.</shortdesc><prolog/><apiValueDetail><apiValueDef><apiAccess value="public"/><apiStatic/><apiData>org.robotlegs.utilities.router.events.RouterEvent.REMOVE_EVENT_FROM_ROUTE</apiData><apiType value="String"/></apiValueDef><apiDesc>
		 Dispatched when a <codeph>Route</codeph> should be unmapped from a <codeph>Command</codeph>.
		 </apiDesc></apiValueDetail></apiValue><apiValue id="org.robotlegs.utilities.router.events:RouterEvent:payload"><apiName>payload</apiName><shortdesc>
		 
		 
		 </shortdesc><prolog/><apiValueDetail><apiValueDef><apiProperty/><apiAccess value="public"/><apiDynamic/><apiType value="Object"/><apiDefaultValue>null
		 </apiDefaultValue></apiValueDef><apiDesc>
		 
		 
		 </apiDesc></apiValueDetail></apiValue></apiClassifier></apiPackage>