<?xml version="1.0" encoding="UTF-8"?><apiPackage id="org.robotlegs.patterns.plugin.type.view.dealloc"><apiName>org.robotlegs.patterns.plugin.type.view.dealloc</apiName><apiDetail/><apiClassifier id="org.robotlegs.patterns.plugin.type.view.dealloc:IDealloc"><apiName>IDealloc</apiName><shortdesc>
	 The interface definition for a viewComponent which is automated by the DeallocPlugin.</shortdesc><prolog><author>r.moorman
	 </author><asMetadata/></prolog><apiClassifierDetail><apiClassifierDef><apiInterface/><apiAccess value="public"/><apiStatic/><apiBaseClassifier/></apiClassifierDef><apiDesc>
	 The interface definition for a viewComponent which is automated by the <codeph>DeallocPlugin</codeph>.
	 
	 </apiDesc></apiClassifierDetail><apiOperation id="org.robotlegs.patterns.plugin.type.view.dealloc:IDealloc:org.robotlegs.patterns.plugin.type.view.dealloc:IDealloc:dealloc"><apiName>dealloc</apiName><shortdesc>
		 Deallocate all references of the viewComponent.</shortdesc><prolog/><apiOperationDetail><apiOperationDef><apiAccess value="public"/><apiReturn><apiType value="void"/></apiReturn><apiParam><apiItemName>fromStage</apiItemName><apiType value="flash.display:Stage"/><apiDesc>The <codeph>Stage</codeph> where the viewComponent is removed from.
		 </apiDesc></apiParam></apiOperationDef><apiDesc>
		 Deallocate all references of the viewComponent.
		 
		 </apiDesc></apiOperationDetail></apiOperation></apiClassifier><apiClassifier id="org.robotlegs.patterns.plugin.type.view.dealloc:DeallocPlugin"><apiName>DeallocPlugin</apiName><shortdesc>
	 
	 
	 </shortdesc><prolog><author>r.moorman
	 </author><asMetadata/></prolog><apiClassifierDetail><apiClassifierDef><apiAccess value="public"/><apiStatic/><apiBaseInterface>org.robotlegs.patterns.plugin.type.view:IViewPlugin</apiBaseInterface><apiBaseClassifier>Object</apiBaseClassifier></apiClassifierDef><apiDesc>
	 
	 
	 </apiDesc></apiClassifierDetail><apiConstructor id="org.robotlegs.patterns.plugin.type.view.dealloc:DeallocPlugin:DeallocPlugin"><apiName>DeallocPlugin</apiName><shortdesc>
		 </shortdesc><prolog><asCustoms><constructor/></asCustoms></prolog><apiConstructorDetail><apiConstructorDef><apiAccess value="public"/></apiConstructorDef><apiDesc>
		 </apiDesc></apiConstructorDetail></apiConstructor><apiOperation id="org.robotlegs.patterns.plugin.type.view.dealloc:DeallocPlugin:addedToStage"><apiName>addedToStage</apiName><shortdesc conref="org.robotlegs.patterns.plugin.type.view.IViewPlugin.addedToStage()">
		 </shortdesc><prolog/><apiOperationDetail><apiOperationDef><apiAccess value="public"/><apiReturn><apiType value="void"/></apiReturn><apiParam><apiItemName>stage</apiItemName><apiType value="flash.display:Stage"/></apiParam><apiParam><apiItemName>target</apiItemName><apiType value="flash.display:DisplayObject"/></apiParam></apiOperationDef><apiDesc conref="org.robotlegs.patterns.plugin.type.view.IViewPlugin.addedToStage()">
		 </apiDesc></apiOperationDetail></apiOperation><apiOperation id="org.robotlegs.patterns.plugin.type.view.dealloc:DeallocPlugin:removedFromStage"><apiName>removedFromStage</apiName><shortdesc conref="org.robotlegs.patterns.plugin.type.view.IViewPlugin.removedFromStage()">
		 </shortdesc><prolog/><apiOperationDetail><apiOperationDef><apiAccess value="public"/><apiReturn><apiType value="void"/></apiReturn><apiParam><apiItemName>stage</apiItemName><apiType value="flash.display:Stage"/></apiParam><apiParam><apiItemName>target</apiItemName><apiType value="flash.display:DisplayObject"/></apiParam></apiOperationDef><apiDesc conref="org.robotlegs.patterns.plugin.type.view.IViewPlugin.removedFromStage()">
		 </apiDesc></apiOperationDetail></apiOperation></apiClassifier></apiPackage>