<?xml version="1.0" encoding="UTF-8"?><apiPackage id="org.robotlegs.utilities.navigator.controller.install"><apiName>org.robotlegs.utilities.navigator.controller.install</apiName><apiDetail/><apiClassifier id="org.robotlegs.utilities.navigator.controller.install:InstallNavigatorCommand"><apiName>InstallNavigatorCommand</apiName><shortdesc>
	 Map dependencies of Navigator.</shortdesc><prolog><author>r.moorman
	 </author><asMetadata/></prolog><apiClassifierDetail><apiClassifierDef><apiAccess value="public"/><apiStatic/><apiBaseClassifier>org.robotlegs.mvcs:Command</apiBaseClassifier></apiClassifierDef><apiDesc>
	 Map dependencies of <codeph>Navigator</codeph>.
	 
	 <p>The following depedencies are available after executing this <codeph>Command</codeph>:</p>
	 
	 <ul>
	 	<li><codeph>INavigator</codeph></li>
	 </ul>
	 
	 </apiDesc></apiClassifierDetail><apiOperation id="org.robotlegs.utilities.navigator.controller.install:InstallNavigatorCommand:execute"><apiName>execute</apiName><shortdesc>
		 </shortdesc><prolog/><apiOperationDetail><apiOperationDef><apiAccess value="public"/><apiIsOverride/><apiReturn><apiType value="void"/></apiReturn></apiOperationDef><apiDesc>
		 </apiDesc></apiOperationDetail><apiInheritDoc/></apiOperation></apiClassifier></apiPackage>