<?xml version="1.0" encoding="UTF-8"?><apiPackage id="org.robotlegs.utilities.assetloader.patterns.asset"><apiName>org.robotlegs.utilities.assetloader.patterns.asset</apiName><apiDetail/><apiClassifier id="org.robotlegs.utilities.assetloader.patterns.asset:Asset"><apiName>Asset</apiName><shortdesc>
	 Abstract implementation of IAsset.</shortdesc><prolog><author>r.moorman
	 </author><asMetadata/></prolog><apiClassifierDetail><apiClassifierDef><apiAccess value="public"/><apiStatic/><apiBaseInterface>org.robotlegs.utilities.assetloader.patterns.asset:IAsset</apiBaseInterface><apiBaseClassifier>flash.events:EventDispatcher</apiBaseClassifier></apiClassifierDef><apiDesc>
	 Abstract implementation of <codeph>IAsset</codeph>.
	 
	 </apiDesc></apiClassifierDetail><apiConstructor id="org.robotlegs.utilities.assetloader.patterns.asset:Asset:Asset"><apiName>Asset</apiName><shortdesc>
		 Constructor.</shortdesc><prolog/><apiConstructorDetail><apiConstructorDef><apiAccess value="public"/><apiParam><apiItemName>id</apiItemName><apiType value="String"/><apiDesc>The id of the <codeph>Asset</codeph>.
		 </apiDesc></apiParam><apiParam><apiItemName>url</apiItemName><apiType value="String"/><apiDesc>The url of the <codeph>Asset</codeph>.
		 </apiDesc></apiParam><apiParam><apiItemName>loaderContext</apiItemName><apiType value="flash.system:LoaderContext"/><apiData>null</apiData></apiParam></apiConstructorDef><apiDesc>
		 Constructor.
		 
		 <p>At this point the state of the <codeph>Asset</codeph> is <codeph>INITIALIZING</codeph>.</p>
		 
		 </apiDesc></apiConstructorDetail></apiConstructor><apiOperation id="org.robotlegs.utilities.assetloader.patterns.asset:Asset:protected:defineEventModel"><apiName>defineEventModel</apiName><shortdesc>
		 Map eventListeners of the Asset.</shortdesc><prolog/><apiOperationDetail><apiOperationDef><apiAccess value="protected"/><apiException><apiDesc></apiDesc><apiItemName>AssetLoaderError
		</apiItemName><apiOperationClassifier>AssetLoaderError
		</apiOperationClassifier></apiException><apiReturn><apiType value="void"/></apiReturn></apiOperationDef><apiDesc>
		 Map eventListeners of the <codeph>Asset</codeph>.
		 
		 </apiDesc></apiOperationDetail></apiOperation><apiOperation id="org.robotlegs.utilities.assetloader.patterns.asset:Asset:dispose"><apiName>dispose</apiName><shortdesc conref="org.robotlegs.utilities.assetloader.patterns.asset.IAsset.dispose()">
		 </shortdesc><prolog/><apiOperationDetail><apiOperationDef><apiAccess value="public"/><apiReturn><apiType value="void"/></apiReturn></apiOperationDef><apiDesc conref="org.robotlegs.utilities.assetloader.patterns.asset.IAsset.dispose()">
		 </apiDesc></apiOperationDetail></apiOperation><apiOperation id="org.robotlegs.utilities.assetloader.patterns.asset:Asset:load"><apiName>load</apiName><shortdesc conref="org.robotlegs.utilities.assetloader.patterns.asset.IAsset.load()">
		 </shortdesc><prolog/><apiOperationDetail><apiOperationDef><apiAccess value="public"/><apiReturn><apiType value="void"/></apiReturn></apiOperationDef><apiDesc conref="org.robotlegs.utilities.assetloader.patterns.asset.IAsset.load()">
		 </apiDesc></apiOperationDetail></apiOperation><apiOperation id="org.robotlegs.utilities.assetloader.patterns.asset:Asset:protected:onAssetProcess"><apiName>onAssetProcess</apiName><shortdesc>
		 Handle Events during the load process of the Asset.</shortdesc><prolog/><apiOperationDetail><apiOperationDef><apiAccess value="protected"/><apiFinal/><apiReturn><apiType value="void"/></apiReturn><apiParam><apiItemName>evt</apiItemName><apiType value="flash.events:Event"/><apiDesc>The <codeph>Event</codeph> that triggered this method (<codeph>Event.COMPLETE</codeph>, <codeph>ProgressEvent.PROGRESS</codeph> and <codeph>IOErrorEvent.IO_ERROR</codeph>).
		 </apiDesc></apiParam></apiOperationDef><apiDesc>
		 Handle <codeph>Events</codeph> during the load process of the <codeph>Asset</codeph>.
		 
		 </apiDesc></apiOperationDetail></apiOperation><apiOperation id="org.robotlegs.utilities.assetloader.patterns.asset:Asset:protected:onComplete"><apiName>onComplete</apiName><shortdesc>
		 Abstract method to handle the loaded Asset.</shortdesc><prolog/><apiOperationDetail><apiOperationDef><apiAccess value="protected"/><apiReturn><apiType value="void"/></apiReturn><apiParam><apiItemName>evt</apiItemName><apiType value="flash.events:Event"/><apiDesc>The <codeph>Event</codeph> that triggered this method (<codeph>Event.COMPLETE</codeph>).
		 </apiDesc></apiParam></apiOperationDef><apiDesc>
		 Abstract method to handle the loaded <codeph>Asset</codeph>.
		 
		 </apiDesc></apiOperationDetail></apiOperation><apiOperation id="org.robotlegs.utilities.assetloader.patterns.asset:Asset:setOnComplete"><apiName>setOnComplete</apiName><shortdesc conref="org.robotlegs.utilities.assetloader.patterns.asset.IAsset.setOnComplete()">
		 </shortdesc><prolog/><apiOperationDetail><apiOperationDef><apiAccess value="public"/><apiReturn><apiType value="void"/></apiReturn><apiParam><apiItemName>value</apiItemName><apiType value="Function"/></apiParam></apiOperationDef><apiDesc conref="org.robotlegs.utilities.assetloader.patterns.asset.IAsset.setOnComplete()">
		 </apiDesc></apiOperationDetail></apiOperation><apiOperation id="org.robotlegs.utilities.assetloader.patterns.asset:Asset:setOnError"><apiName>setOnError</apiName><shortdesc conref="org.robotlegs.utilities.assetloader.patterns.asset.IAsset.setOnError()">
		 </shortdesc><prolog/><apiOperationDetail><apiOperationDef><apiAccess value="public"/><apiReturn><apiType value="void"/></apiReturn><apiParam><apiItemName>value</apiItemName><apiType value="Function"/></apiParam></apiOperationDef><apiDesc conref="org.robotlegs.utilities.assetloader.patterns.asset.IAsset.setOnError()">
		 </apiDesc></apiOperationDetail></apiOperation><apiOperation id="org.robotlegs.utilities.assetloader.patterns.asset:Asset:setOnProgress"><apiName>setOnProgress</apiName><shortdesc conref="org.robotlegs.utilities.assetloader.patterns.asset.IAsset.setOnProgress()">
		 </shortdesc><prolog/><apiOperationDetail><apiOperationDef><apiAccess value="public"/><apiReturn><apiType value="void"/></apiReturn><apiParam><apiItemName>value</apiItemName><apiType value="Function"/></apiParam></apiOperationDef><apiDesc conref="org.robotlegs.utilities.assetloader.patterns.asset.IAsset.setOnProgress()">
		 </apiDesc></apiOperationDetail></apiOperation><apiOperation id="org.robotlegs.utilities.assetloader.patterns.asset:Asset:protected:setState"><apiName>setState</apiName><shortdesc>
		 Change the state of the Asset.</shortdesc><prolog/><apiOperationDetail><apiOperationDef><apiAccess value="protected"/><apiFinal/><apiReturn><apiType value="void"/></apiReturn><apiParam><apiItemName>state</apiItemName><apiType value="String"/><apiDesc>The upcoming state of the <codeph>Asset</codeph>.
		 </apiDesc></apiParam></apiOperationDef><apiDesc>
		 Change the state of the <codeph>Asset</codeph>.
		 
		 </apiDesc></apiOperationDetail></apiOperation><apiOperation id="org.robotlegs.utilities.assetloader.patterns.asset:Asset:stop"><apiName>stop</apiName><shortdesc/><prolog/><apiOperationDetail><apiOperationDef><apiAccess value="public"/><apiReturn><apiType value="void"/></apiReturn></apiOperationDef></apiOperationDetail></apiOperation><apiOperation id="org.robotlegs.utilities.assetloader.patterns.asset:Asset:protected:undefineEventModel"><apiName>undefineEventModel</apiName><shortdesc>
		 Unmap eventListeners of the Asset.</shortdesc><prolog/><apiOperationDetail><apiOperationDef><apiAccess value="protected"/><apiReturn><apiType value="void"/></apiReturn></apiOperationDef><apiDesc>
		 Unmap eventListeners of the <codeph>Asset</codeph>.
		 </apiDesc></apiOperationDetail></apiOperation><apiValue id="org.robotlegs.utilities.assetloader.patterns.asset:Asset:bytesLoaded:get"><apiName>bytesLoaded</apiName><shortdesc conref="org.robotlegs.utilities.assetloader.patterns.asset.IAsset.bytesLoaded">
		 </shortdesc><prolog/><apiValueDetail><apiValueDef><apiProperty/><apiAccess value="public"/><apiDynamic/><apiValueAccess value="read"/><apiType value="uint"/></apiValueDef><apiDesc conref="org.robotlegs.utilities.assetloader.patterns.asset.IAsset.bytesLoaded">
		 </apiDesc></apiValueDetail></apiValue><apiValue id="org.robotlegs.utilities.assetloader.patterns.asset:Asset:bytesTotal:get"><apiName>bytesTotal</apiName><shortdesc conref="org.robotlegs.utilities.assetloader.patterns.asset.IAsset.bytesTotal">
		 </shortdesc><prolog/><apiValueDetail><apiValueDef><apiProperty/><apiAccess value="public"/><apiDynamic/><apiValueAccess value="read"/><apiType value="uint"/></apiValueDef><apiDesc conref="org.robotlegs.utilities.assetloader.patterns.asset.IAsset.bytesTotal">
		 </apiDesc></apiValueDetail></apiValue><apiValue id="org.robotlegs.utilities.assetloader.patterns.asset:Asset:closure:get"><apiName>closure</apiName><shortdesc conref="org.robotlegs.utilities.assetloader.patterns.asset.IAsset.closure">
		 </shortdesc><prolog/><apiValueDetail><apiValueDef><apiProperty/><apiAccess value="public"/><apiDynamic/><apiValueAccess value="readwrite"/><apiType value="Function"/></apiValueDef><apiDesc conref="org.robotlegs.utilities.assetloader.patterns.asset.IAsset.closure">
		 </apiDesc></apiValueDetail></apiValue><apiValue id="org.robotlegs.utilities.assetloader.patterns.asset:Asset:data:get"><apiName>data</apiName><shortdesc conref="org.robotlegs.utilities.assetloader.patterns.asset.IAsset.data">
		 </shortdesc><prolog/><apiValueDetail><apiValueDef><apiProperty/><apiAccess value="public"/><apiDynamic/><apiValueAccess value="read"/><apiType value="Object"/></apiValueDef><apiDesc conref="org.robotlegs.utilities.assetloader.patterns.asset.IAsset.data">
		 </apiDesc></apiValueDetail></apiValue><apiValue id="org.robotlegs.utilities.assetloader.patterns.asset:Asset:id:get"><apiName>id</apiName><shortdesc conref="org.robotlegs.utilities.assetloader.patterns.asset.IAsset.id">
		 </shortdesc><prolog/><apiValueDetail><apiValueDef><apiProperty/><apiAccess value="public"/><apiDynamic/><apiValueAccess value="read"/><apiType value="String"/></apiValueDef><apiDesc conref="org.robotlegs.utilities.assetloader.patterns.asset.IAsset.id">
		 </apiDesc></apiValueDetail></apiValue><apiValue id="org.robotlegs.utilities.assetloader.patterns.asset:Asset:percentage:get"><apiName>percentage</apiName><shortdesc conref="org.robotlegs.utilities.assetloader.patterns.asset.IAsset.percentage">
		 </shortdesc><prolog/><apiValueDetail><apiValueDef><apiProperty/><apiAccess value="public"/><apiDynamic/><apiValueAccess value="read"/><apiType value="Number"/></apiValueDef><apiDesc conref="org.robotlegs.utilities.assetloader.patterns.asset.IAsset.percentage">
		 </apiDesc></apiValueDetail></apiValue><apiValue id="org.robotlegs.utilities.assetloader.patterns.asset:Asset:state:get"><apiName>state</apiName><shortdesc conref="org.robotlegs.utilities.assetloader.patterns.asset.IAsset.state">
		 </shortdesc><prolog/><apiValueDetail><apiValueDef><apiProperty/><apiAccess value="public"/><apiDynamic/><apiValueAccess value="read"/><apiType value="String"/></apiValueDef><apiDesc conref="org.robotlegs.utilities.assetloader.patterns.asset.IAsset.state">
		 </apiDesc></apiValueDetail></apiValue><apiValue id="org.robotlegs.utilities.assetloader.patterns.asset:Asset:url:get"><apiName>url</apiName><shortdesc conref="org.robotlegs.utilities.assetloader.patterns.asset.IAsset.url">
		 </shortdesc><prolog/><apiValueDetail><apiValueDef><apiProperty/><apiAccess value="public"/><apiDynamic/><apiValueAccess value="readwrite"/><apiType value="String"/></apiValueDef><apiDesc conref="org.robotlegs.utilities.assetloader.patterns.asset.IAsset.url">
		 </apiDesc></apiValueDetail></apiValue></apiClassifier><apiClassifier id="org.robotlegs.utilities.assetloader.patterns.asset:IAsset"><apiName>IAsset</apiName><shortdesc>
	 The interface definition for an Asset.</shortdesc><prolog><author>r.moorman
	 </author><asMetadata/></prolog><apiClassifierDetail><apiClassifierDef><apiInterface/><apiAccess value="public"/><apiStatic/><apiBaseClassifier/></apiClassifierDef><apiDesc>
	 The interface definition for an <codeph>Asset</codeph>.
	 
	 </apiDesc></apiClassifierDetail><apiOperation id="org.robotlegs.utilities.assetloader.patterns.asset:IAsset:org.robotlegs.utilities.assetloader.patterns.asset:IAsset:dispose"><apiName>dispose</apiName><shortdesc>
		 Trigger the Asset to dispose it's references.</shortdesc><prolog/><apiOperationDetail><apiOperationDef><apiAccess value="public"/><apiReturn><apiType value="void"/></apiReturn></apiOperationDef><apiDesc>
		 Trigger the <codeph>Asset</codeph> to dispose it's references.
		 </apiDesc></apiOperationDetail></apiOperation><apiOperation id="org.robotlegs.utilities.assetloader.patterns.asset:IAsset:org.robotlegs.utilities.assetloader.patterns.asset:IAsset:load"><apiName>load</apiName><shortdesc>
		 Trigger the Asset to load it's data.</shortdesc><prolog/><apiOperationDetail><apiOperationDef><apiAccess value="public"/><apiReturn><apiType value="void"/></apiReturn></apiOperationDef><apiDesc>
		 Trigger the <codeph>Asset</codeph> to load it's data.
		 </apiDesc></apiOperationDetail></apiOperation><apiOperation id="org.robotlegs.utilities.assetloader.patterns.asset:IAsset:org.robotlegs.utilities.assetloader.patterns.asset:IAsset:setOnComplete"><apiName>setOnComplete</apiName><shortdesc>
		 Set the callback method after the Asset is successfully loaded.</shortdesc><prolog/><apiOperationDetail><apiOperationDef><apiAccess value="public"/><apiReturn><apiType value="void"/></apiReturn><apiParam><apiItemName>value</apiItemName><apiType value="Function"/><apiDesc>The callback method to be called.
		 </apiDesc></apiParam></apiOperationDef><apiDesc>
		 Set the callback method after the <codeph>Asset</codeph> is successfully loaded.
		 
		 </apiDesc></apiOperationDetail></apiOperation><apiOperation id="org.robotlegs.utilities.assetloader.patterns.asset:IAsset:org.robotlegs.utilities.assetloader.patterns.asset:IAsset:setOnError"><apiName>setOnError</apiName><shortdesc>
		 Set the callback method after the Asset failed to load.</shortdesc><prolog/><apiOperationDetail><apiOperationDef><apiAccess value="public"/><apiReturn><apiType value="void"/></apiReturn><apiParam><apiItemName>value</apiItemName><apiType value="Function"/><apiDesc>The callback method to be called.
		 </apiDesc></apiParam></apiOperationDef><apiDesc>
		 Set the callback method after the <codeph>Asset</codeph> failed to load.
		 
		 </apiDesc></apiOperationDetail></apiOperation><apiOperation id="org.robotlegs.utilities.assetloader.patterns.asset:IAsset:org.robotlegs.utilities.assetloader.patterns.asset:IAsset:setOnProgress"><apiName>setOnProgress</apiName><shortdesc>
		 Set the callback method while the Asset is loading.</shortdesc><prolog/><apiOperationDetail><apiOperationDef><apiAccess value="public"/><apiReturn><apiType value="void"/></apiReturn><apiParam><apiItemName>value</apiItemName><apiType value="Function"/><apiDesc>The callback method to be called.
		 </apiDesc></apiParam></apiOperationDef><apiDesc>
		 Set the callback method while the <codeph>Asset</codeph> is loading.
		 
		 </apiDesc></apiOperationDetail></apiOperation><apiOperation id="org.robotlegs.utilities.assetloader.patterns.asset:IAsset:org.robotlegs.utilities.assetloader.patterns.asset:IAsset:stop"><apiName>stop</apiName><shortdesc/><prolog/><apiOperationDetail><apiOperationDef><apiAccess value="public"/><apiReturn><apiType value="void"/></apiReturn></apiOperationDef></apiOperationDetail></apiOperation><apiValue id="org.robotlegs.utilities.assetloader.patterns.asset:IAsset:org.robotlegs.utilities.assetloader.patterns.asset:IAsset:bytesLoaded:get"><apiName>bytesLoaded</apiName><shortdesc>
		 The current loaded bytes of the Asset.</shortdesc><prolog/><apiValueDetail><apiValueDef><apiProperty/><apiAccess value="public"/><apiDynamic/><apiValueAccess value="read"/><apiType value="uint"/></apiValueDef><apiDesc>
		 The current loaded bytes of the <codeph>Asset</codeph>.
		 </apiDesc></apiValueDetail></apiValue><apiValue id="org.robotlegs.utilities.assetloader.patterns.asset:IAsset:org.robotlegs.utilities.assetloader.patterns.asset:IAsset:bytesTotal:get"><apiName>bytesTotal</apiName><shortdesc>
		 The total bytes to load of the Asset.</shortdesc><prolog/><apiValueDetail><apiValueDef><apiProperty/><apiAccess value="public"/><apiDynamic/><apiValueAccess value="read"/><apiType value="uint"/></apiValueDef><apiDesc>
		 The total bytes to load of the <codeph>Asset</codeph>.
		 </apiDesc></apiValueDetail></apiValue><apiValue id="org.robotlegs.utilities.assetloader.patterns.asset:IAsset:org.robotlegs.utilities.assetloader.patterns.asset:IAsset:closure:get"><apiName>closure</apiName><shortdesc>
		 Optional closure method for retrieving AssetLoaderEvents.</shortdesc><prolog/><apiValueDetail><apiValueDef><apiProperty/><apiAccess value="public"/><apiDynamic/><apiValueAccess value="readwrite"/><apiType value="Function"/></apiValueDef><apiDesc>
		 Optional closure method for retrieving <codeph>AssetLoaderEvents</codeph>.
		 </apiDesc></apiValueDetail></apiValue><apiValue id="org.robotlegs.utilities.assetloader.patterns.asset:IAsset:org.robotlegs.utilities.assetloader.patterns.asset:IAsset:data:get"><apiName>data</apiName><shortdesc>
		 The raw loaded data of the Asset.</shortdesc><prolog/><apiValueDetail><apiValueDef><apiProperty/><apiAccess value="public"/><apiDynamic/><apiValueAccess value="read"/><apiType value="Object"/></apiValueDef><apiDesc>
		 The raw loaded data of the <codeph>Asset</codeph>.
		 </apiDesc></apiValueDetail></apiValue><apiValue id="org.robotlegs.utilities.assetloader.patterns.asset:IAsset:org.robotlegs.utilities.assetloader.patterns.asset:IAsset:id:get"><apiName>id</apiName><shortdesc>
		 The unique id of the Asset.</shortdesc><prolog/><apiValueDetail><apiValueDef><apiProperty/><apiAccess value="public"/><apiDynamic/><apiValueAccess value="read"/><apiType value="String"/></apiValueDef><apiDesc>
		 The unique id of the <codeph>Asset</codeph>.
		 </apiDesc></apiValueDetail></apiValue><apiValue id="org.robotlegs.utilities.assetloader.patterns.asset:IAsset:org.robotlegs.utilities.assetloader.patterns.asset:IAsset:percentage:get"><apiName>percentage</apiName><shortdesc>
		 The current percentage of the loaded bytes of the Asset (from 0 till 100).</shortdesc><prolog/><apiValueDetail><apiValueDef><apiProperty/><apiAccess value="public"/><apiDynamic/><apiValueAccess value="read"/><apiType value="Number"/></apiValueDef><apiDesc>
		 The current percentage of the loaded bytes of the <codeph>Asset</codeph> (from 0 till 100).
		 </apiDesc></apiValueDetail></apiValue><apiValue id="org.robotlegs.utilities.assetloader.patterns.asset:IAsset:org.robotlegs.utilities.assetloader.patterns.asset:IAsset:state:get"><apiName>state</apiName><shortdesc>
		 The current state of the Asset.</shortdesc><prolog/><apiValueDetail><apiValueDef><apiProperty/><apiAccess value="public"/><apiDynamic/><apiValueAccess value="read"/><apiType value="String"/></apiValueDef><apiDesc>
		 The current state of the <codeph>Asset</codeph>.
		 
		 </apiDesc></apiValueDetail><related-links><link href="org.robotlegs.utilities.assetloader.core.xml#AssetLoaderState"><linktext>org.robotlegs.utilities.assetloader.core.AssetLoaderState</linktext></link></related-links></apiValue><apiValue id="org.robotlegs.utilities.assetloader.patterns.asset:IAsset:org.robotlegs.utilities.assetloader.patterns.asset:IAsset:url:get"><apiName>url</apiName><shortdesc>
		 The url of the Asset.</shortdesc><prolog/><apiValueDetail><apiValueDef><apiProperty/><apiAccess value="public"/><apiDynamic/><apiValueAccess value="readwrite"/><apiType value="String"/></apiValueDef><apiDesc>
		 The url of the <codeph>Asset</codeph>.
		 </apiDesc></apiValueDetail></apiValue></apiClassifier></apiPackage>