<?xml version="1.0" encoding="UTF-8"?><apiPackage id="org.robotlegs.adapters"><apiName>org.robotlegs.adapters</apiName><apiDetail/><apiClassifier id="org.robotlegs.adapters:ExtendedInjector"><apiName>ExtendedInjector</apiName><shortdesc>
	 
	 
	 </shortdesc><prolog><author>r.moorman
	 </author><asMetadata/></prolog><apiClassifierDetail><apiClassifierDef><apiAccess value="public"/><apiStatic/><apiBaseClassifier>org.robotlegs.adapters:SwiftSuspendersInjector</apiBaseClassifier></apiClassifierDef><apiDesc>
	 
	 
	 </apiDesc></apiClassifierDetail><apiConstructor id="org.robotlegs.adapters:ExtendedInjector:ExtendedInjector"><apiName>ExtendedInjector</apiName><shortdesc>
		 </shortdesc><prolog/><apiConstructorDetail><apiConstructorDef><apiAccess value="public"/><apiParam><apiItemName>xmlConfig</apiItemName><apiType value="XML"/><apiData>null</apiData></apiParam></apiConstructorDef><apiDesc>
		 </apiDesc></apiConstructorDetail><apiInheritDoc/></apiConstructor><apiOperation id="org.robotlegs.adapters:ExtendedInjector:createChild"><apiName>createChild</apiName><shortdesc>
		 </shortdesc><prolog/><apiOperationDetail><apiOperationDef><apiAccess value="public"/><apiIsOverride/><apiReturn><apiType value="org.robotlegs.core:IInjector"/></apiReturn><apiParam><apiItemName>applicationDomain</apiItemName><apiType value="flash.system:ApplicationDomain"/><apiData>null</apiData></apiParam></apiOperationDef><apiDesc>
		 </apiDesc></apiOperationDetail><apiInheritDoc/></apiOperation></apiClassifier></apiPackage>