<?xml version="1.0" encoding="UTF-8"?><apiPackage id="org.robotlegs.utilities"><apiName>org.robotlegs.utilities</apiName><apiDetail/><apiClassifier id="org.robotlegs.utilities:Utilities"><apiName>Utilities</apiName><shortdesc>
	 Utility to map dependencies of certain utilities.</shortdesc><prolog><author>r.moorman
	 </author><asMetadata/></prolog><apiClassifierDetail><apiClassifierDef><apiAccess value="public"/><apiStatic/><apiBaseClassifier>Object</apiBaseClassifier></apiClassifierDef><apiDesc>
	 Utility to map dependencies of certain utilities.
	 
	 <p>Probably the best place to define your mappings is in the <codeph>mapInjections</codeph> method
	 of your <codeph>Context</codeph>. You can simply call the method <codeph>mapDepedencies</codeph>
	 of <codeph>Utilities</codeph> to determine all your mappings for the following utilities.</p>
	 
	 <ul>
	 	<li><codeph>AssetLoader</codeph></li>
	 	<li><codeph>Layers</codeph></li>
	 	<li><codeph>Localizer</codeph></li>
	 	<li><codeph>Navigator</codeph></li>
	 	<li><codeph>Router</codeph></li>
	 	<li><codeph>Styles</codeph></li>
	 </ul>
	 
	 </apiDesc></apiClassifierDetail><apiOperation id="org.robotlegs.utilities:Utilities:mapDependencies"><apiName>mapDependencies</apiName><shortdesc>
		 Map dependencies of certain utilities.</shortdesc><prolog/><apiOperationDetail><apiOperationDef><apiAccess value="public"/><apiStatic/><apiReturn><apiType value="void"/></apiReturn><apiParam><apiItemName>commandMap</apiItemName><apiType value="org.robotlegs.core:ICommandMap"/><apiDesc>The <codeph>ICommandMap</codeph> of Robotlegs.
		 </apiDesc></apiParam><apiParam><apiItemName>utilities</apiItemName><apiType value="Array"/><apiDesc>The utilities to map the dependencies of, must be one or multiple constants of this <codeph>Class</codeph>.
		 </apiDesc></apiParam></apiOperationDef><apiDesc>
		 Map dependencies of certain utilities.
		 
		 </apiDesc></apiOperationDetail></apiOperation><apiValue id="org.robotlegs.utilities:Utilities:ALL"><apiName>ALL</apiName><shortdesc>
		 Map dependencies of all utilities.</shortdesc><prolog/><apiValueDetail><apiValueDef><apiAccess value="public"/><apiStatic/><apiData>all</apiData><apiType value="String"/></apiValueDef><apiDesc>
		 Map dependencies of all utilities.
		 </apiDesc></apiValueDetail></apiValue><apiValue id="org.robotlegs.utilities:Utilities:ASSET_LOADER"><apiName>ASSET_LOADER</apiName><shortdesc conref="org.robotlegs.utilities.assetloader.controller.install.InstallAssetLoaderCommand">
		 </shortdesc><prolog/><apiValueDetail><apiValueDef><apiAccess value="public"/><apiStatic/><apiType value="Class"/></apiValueDef><apiDesc conref="org.robotlegs.utilities.assetloader.controller.install.InstallAssetLoaderCommand">
		 </apiDesc></apiValueDetail></apiValue><apiValue id="org.robotlegs.utilities:Utilities:LAYERS"><apiName>LAYERS</apiName><shortdesc conref="importorg.robotlegs.utilities.layers.controller.install.InstallLayersCommand">
		 </shortdesc><prolog/><apiValueDetail><apiValueDef><apiAccess value="public"/><apiStatic/><apiType value="Class"/></apiValueDef><apiDesc conref="importorg.robotlegs.utilities.layers.controller.install.InstallLayersCommand">
		 </apiDesc></apiValueDetail></apiValue><apiValue id="org.robotlegs.utilities:Utilities:LOCALIZER"><apiName>LOCALIZER</apiName><shortdesc conref="importorg.robotlegs.utilities.localizer.controller.install.InstallLocalizerCommand">
		 </shortdesc><prolog/><apiValueDetail><apiValueDef><apiAccess value="public"/><apiStatic/><apiType value="Class"/></apiValueDef><apiDesc conref="importorg.robotlegs.utilities.localizer.controller.install.InstallLocalizerCommand">
		 </apiDesc></apiValueDetail></apiValue><apiValue id="org.robotlegs.utilities:Utilities:NAVIGATOR"><apiName>NAVIGATOR</apiName><shortdesc conref="org.robotlegs.utilities.navigator.controller.install.InstallNavigatorCommand">
		 </shortdesc><prolog/><apiValueDetail><apiValueDef><apiAccess value="public"/><apiStatic/><apiType value="Class"/></apiValueDef><apiDesc conref="org.robotlegs.utilities.navigator.controller.install.InstallNavigatorCommand">
		 </apiDesc></apiValueDetail></apiValue><apiValue id="org.robotlegs.utilities:Utilities:ROUTER"><apiName>ROUTER</apiName><shortdesc conref="org.robotlegs.utilities.router.controller.install.InstallRouterCommand">
		 </shortdesc><prolog/><apiValueDetail><apiValueDef><apiAccess value="public"/><apiStatic/><apiType value="Class"/></apiValueDef><apiDesc conref="org.robotlegs.utilities.router.controller.install.InstallRouterCommand">
		 </apiDesc></apiValueDetail></apiValue><apiValue id="org.robotlegs.utilities:Utilities:STYLES"><apiName>STYLES</apiName><shortdesc conref="org.robotlegs.utilities.styles.controller.install.InstallStylesCommand">
		 </shortdesc><prolog/><apiValueDetail><apiValueDef><apiAccess value="public"/><apiStatic/><apiType value="Class"/></apiValueDef><apiDesc conref="org.robotlegs.utilities.styles.controller.install.InstallStylesCommand">
		 </apiDesc></apiValueDetail></apiValue></apiClassifier></apiPackage>