<?xml version="1.0" encoding="UTF-8"?><apiPackage id="org.robotlegs.utilities.assetloader.patterns.asset.type"><apiName>org.robotlegs.utilities.assetloader.patterns.asset.type</apiName><apiDetail/><apiClassifier id="org.robotlegs.utilities.assetloader.patterns.asset.type:CSSAsset"><apiName>CSSAsset</apiName><shortdesc>
	 Automatic assigned type of Asset for loading stylesheets (css).</shortdesc><prolog><author>r.moorman
	 </author><asMetadata/></prolog><apiClassifierDetail><apiClassifierDef><apiAccess value="public"/><apiStatic/><apiBaseClassifier>org.robotlegs.utilities.assetloader.patterns.asset:Asset</apiBaseClassifier></apiClassifierDef><apiDesc>
	 Automatic assigned type of <codeph>Asset</codeph> for loading stylesheets (css).
	 
	 </apiDesc></apiClassifierDetail><apiConstructor id="org.robotlegs.utilities.assetloader.patterns.asset.type:CSSAsset:CSSAsset"><apiName>CSSAsset</apiName><shortdesc>
		 </shortdesc><prolog><asCustoms><iheritDoc/></asCustoms></prolog><apiConstructorDetail><apiConstructorDef><apiAccess value="public"/><apiParam><apiItemName>id</apiItemName><apiType value="String"/></apiParam><apiParam><apiItemName>url</apiItemName><apiType value="String"/></apiParam><apiParam><apiItemName>loaderContext</apiItemName><apiType value="flash.system:LoaderContext"/><apiData>null</apiData></apiParam></apiConstructorDef><apiDesc>
		 </apiDesc></apiConstructorDetail></apiConstructor><apiOperation id="org.robotlegs.utilities.assetloader.patterns.asset.type:CSSAsset:protected:onComplete"><apiName>onComplete</apiName><shortdesc>
		 </shortdesc><prolog><asCustoms><iheritDoc/></asCustoms></prolog><apiOperationDetail><apiOperationDef><apiAccess value="protected"/><apiIsOverride/><apiReturn><apiType value="void"/></apiReturn><apiParam><apiItemName>evt</apiItemName><apiType value="flash.events:Event"/></apiParam></apiOperationDef><apiDesc>
		 </apiDesc></apiOperationDetail></apiOperation><apiValue id="org.robotlegs.utilities.assetloader.patterns.asset.type:CSSAsset:styleSheet:get"><apiName>styleSheet</apiName><shortdesc>
		 The loaded Stylesheet.</shortdesc><prolog/><apiValueDetail><apiValueDef><apiProperty/><apiAccess value="public"/><apiDynamic/><apiValueAccess value="read"/><apiType value="flash.text:StyleSheet"/></apiValueDef><apiDesc>
		 The loaded <codeph>Stylesheet</codeph>.
		 </apiDesc></apiValueDetail></apiValue><apiValue id="org.robotlegs.utilities.assetloader.patterns.asset.type:CSSAsset:url:set"><apiName>url</apiName><shortdesc>
		 </shortdesc><prolog><asCustoms><iheritDoc/></asCustoms></prolog><apiValueDetail><apiValueDef><apiIsOverride/><apiProperty/><apiAccess value="public"/><apiDynamic/><apiValueAccess value="readwrite"/><apiType value="String"/></apiValueDef><apiDesc>
		 </apiDesc></apiValueDetail></apiValue></apiClassifier><apiClassifier id="org.robotlegs.utilities.assetloader.patterns.asset.type:DisplayObjectAsset"><apiName>DisplayObjectAsset</apiName><shortdesc>
	 Automatic assigned type of Asset for loading Bitmaps (swf).</shortdesc><prolog><author>r.moorman
	 </author><asMetadata/></prolog><apiClassifierDetail><apiClassifierDef><apiAccess value="public"/><apiStatic/><apiBaseClassifier>org.robotlegs.utilities.assetloader.patterns.asset:Asset</apiBaseClassifier></apiClassifierDef><apiDesc>
	 Automatic assigned type of <codeph>Asset</codeph> for loading <codeph>Bitmaps</codeph> (swf).
	 
	 </apiDesc></apiClassifierDetail><apiConstructor id="org.robotlegs.utilities.assetloader.patterns.asset.type:DisplayObjectAsset:DisplayObjectAsset"><apiName>DisplayObjectAsset</apiName><shortdesc>
		 </shortdesc><prolog><asCustoms><iheritDoc/></asCustoms></prolog><apiConstructorDetail><apiConstructorDef><apiAccess value="public"/><apiParam><apiItemName>id</apiItemName><apiType value="String"/></apiParam><apiParam><apiItemName>url</apiItemName><apiType value="String"/></apiParam><apiParam><apiItemName>loaderContext</apiItemName><apiType value="flash.system:LoaderContext"/><apiData>null</apiData></apiParam></apiConstructorDef><apiDesc>
		 </apiDesc></apiConstructorDetail></apiConstructor><apiOperation id="org.robotlegs.utilities.assetloader.patterns.asset.type:DisplayObjectAsset:protected:onComplete"><apiName>onComplete</apiName><shortdesc>
		 </shortdesc><prolog><asCustoms><iheritDoc/></asCustoms></prolog><apiOperationDetail><apiOperationDef><apiAccess value="protected"/><apiIsOverride/><apiReturn><apiType value="void"/></apiReturn><apiParam><apiItemName>evt</apiItemName><apiType value="flash.events:Event"/></apiParam></apiOperationDef><apiDesc>
		 </apiDesc></apiOperationDetail></apiOperation><apiValue id="org.robotlegs.utilities.assetloader.patterns.asset.type:DisplayObjectAsset:displayObject:get"><apiName>displayObject</apiName><shortdesc>
		 The loaded DisplayObject.</shortdesc><prolog/><apiValueDetail><apiValueDef><apiProperty/><apiAccess value="public"/><apiDynamic/><apiValueAccess value="read"/><apiType value="flash.display:DisplayObject"/></apiValueDef><apiDesc>
		 The loaded <codeph>DisplayObject</codeph>.
		 </apiDesc></apiValueDetail></apiValue><apiValue id="org.robotlegs.utilities.assetloader.patterns.asset.type:DisplayObjectAsset:url:set"><apiName>url</apiName><shortdesc>
		 </shortdesc><prolog><asCustoms><iheritDoc/></asCustoms></prolog><apiValueDetail><apiValueDef><apiIsOverride/><apiProperty/><apiAccess value="public"/><apiDynamic/><apiValueAccess value="readwrite"/><apiType value="String"/></apiValueDef><apiDesc>
		 </apiDesc></apiValueDetail></apiValue></apiClassifier><apiClassifier id="org.robotlegs.utilities.assetloader.patterns.asset.type:XMLAsset"><apiName>XMLAsset</apiName><shortdesc>
	 Automatic assigned type of Asset for loading Bitmaps (xml).</shortdesc><prolog><author>r.moorman
	 </author><asMetadata/></prolog><apiClassifierDetail><apiClassifierDef><apiAccess value="public"/><apiStatic/><apiBaseClassifier>org.robotlegs.utilities.assetloader.patterns.asset:Asset</apiBaseClassifier></apiClassifierDef><apiDesc>
	 Automatic assigned type of <codeph>Asset</codeph> for loading <codeph>Bitmaps</codeph> (xml).
	 
	 </apiDesc></apiClassifierDetail><apiConstructor id="org.robotlegs.utilities.assetloader.patterns.asset.type:XMLAsset:XMLAsset"><apiName>XMLAsset</apiName><shortdesc>
		 </shortdesc><prolog><asCustoms><iheritDoc/></asCustoms></prolog><apiConstructorDetail><apiConstructorDef><apiAccess value="public"/><apiParam><apiItemName>id</apiItemName><apiType value="String"/></apiParam><apiParam><apiItemName>url</apiItemName><apiType value="String"/></apiParam><apiParam><apiItemName>loaderContext</apiItemName><apiType value="flash.system:LoaderContext"/><apiData>null</apiData></apiParam></apiConstructorDef><apiDesc>
		 </apiDesc></apiConstructorDetail></apiConstructor><apiOperation id="org.robotlegs.utilities.assetloader.patterns.asset.type:XMLAsset:protected:onComplete"><apiName>onComplete</apiName><shortdesc>
		 </shortdesc><prolog><asCustoms><iheritDoc/></asCustoms></prolog><apiOperationDetail><apiOperationDef><apiAccess value="protected"/><apiIsOverride/><apiReturn><apiType value="void"/></apiReturn><apiParam><apiItemName>evt</apiItemName><apiType value="flash.events:Event"/></apiParam></apiOperationDef><apiDesc>
		 </apiDesc></apiOperationDetail></apiOperation><apiValue id="org.robotlegs.utilities.assetloader.patterns.asset.type:XMLAsset:xml:get"><apiName>xml</apiName><shortdesc>
		 The loaded XML.</shortdesc><prolog/><apiValueDetail><apiValueDef><apiProperty/><apiAccess value="public"/><apiDynamic/><apiValueAccess value="read"/><apiType value="XML"/></apiValueDef><apiDesc>
		 The loaded <codeph>XML</codeph>.
		 </apiDesc></apiValueDetail></apiValue><apiValue id="org.robotlegs.utilities.assetloader.patterns.asset.type:XMLAsset:url:set"><apiName>url</apiName><shortdesc>
		 </shortdesc><prolog><asCustoms><iheritDoc/></asCustoms></prolog><apiValueDetail><apiValueDef><apiIsOverride/><apiProperty/><apiAccess value="public"/><apiDynamic/><apiValueAccess value="readwrite"/><apiType value="String"/></apiValueDef><apiDesc>
		 </apiDesc></apiValueDetail></apiValue></apiClassifier><apiClassifier id="org.robotlegs.utilities.assetloader.patterns.asset.type:SoundAsset"><apiName>SoundAsset</apiName><shortdesc>
	 Automatic assigned type of Asset for loading Bitmaps (mp3, wav, aif).</shortdesc><prolog><author>r.moorman
	 </author><asMetadata/></prolog><apiClassifierDetail><apiClassifierDef><apiAccess value="public"/><apiStatic/><apiBaseClassifier>org.robotlegs.utilities.assetloader.patterns.asset:Asset</apiBaseClassifier></apiClassifierDef><apiDesc>
	 Automatic assigned type of <codeph>Asset</codeph> for loading <codeph>Bitmaps</codeph> (mp3, wav, aif).
	 
	 </apiDesc></apiClassifierDetail><apiConstructor id="org.robotlegs.utilities.assetloader.patterns.asset.type:SoundAsset:SoundAsset"><apiName>SoundAsset</apiName><shortdesc>
		 </shortdesc><prolog><asCustoms><iheritDoc/></asCustoms></prolog><apiConstructorDetail><apiConstructorDef><apiAccess value="public"/><apiParam><apiItemName>id</apiItemName><apiType value="String"/></apiParam><apiParam><apiItemName>url</apiItemName><apiType value="String"/></apiParam><apiParam><apiItemName>loaderContext</apiItemName><apiType value="flash.system:LoaderContext"/><apiData>null</apiData></apiParam></apiConstructorDef><apiDesc>
		 </apiDesc></apiConstructorDetail></apiConstructor><apiValue id="org.robotlegs.utilities.assetloader.patterns.asset.type:SoundAsset:sound:get"><apiName>sound</apiName><shortdesc>
		 The loaded Sound.</shortdesc><prolog/><apiValueDetail><apiValueDef><apiProperty/><apiAccess value="public"/><apiDynamic/><apiValueAccess value="read"/><apiType value="flash.media:Sound"/></apiValueDef><apiDesc>
		 The loaded <codeph>Sound</codeph>.
		 </apiDesc></apiValueDetail></apiValue><apiValue id="org.robotlegs.utilities.assetloader.patterns.asset.type:SoundAsset:url:set"><apiName>url</apiName><shortdesc>
		 </shortdesc><prolog><asCustoms><iheritDoc/></asCustoms></prolog><apiValueDetail><apiValueDef><apiIsOverride/><apiProperty/><apiAccess value="public"/><apiDynamic/><apiValueAccess value="readwrite"/><apiType value="String"/></apiValueDef><apiDesc>
		 </apiDesc></apiValueDetail></apiValue></apiClassifier><apiClassifier id="org.robotlegs.utilities.assetloader.patterns.asset.type:BitmapAsset"><apiName>BitmapAsset</apiName><shortdesc>
	 Automatic assigned type of Asset for loading Bitmaps (png, gif, jpg and jpeg).</shortdesc><prolog><author>r.moorman
	 </author><asMetadata/></prolog><apiClassifierDetail><apiClassifierDef><apiAccess value="public"/><apiStatic/><apiBaseClassifier>org.robotlegs.utilities.assetloader.patterns.asset:Asset</apiBaseClassifier></apiClassifierDef><apiDesc>
	 Automatic assigned type of <codeph>Asset</codeph> for loading <codeph>Bitmaps</codeph> (png, gif, jpg and jpeg).
	 
	 </apiDesc></apiClassifierDetail><apiConstructor id="org.robotlegs.utilities.assetloader.patterns.asset.type:BitmapAsset:BitmapAsset"><apiName>BitmapAsset</apiName><shortdesc>
		 </shortdesc><prolog/><apiConstructorDetail><apiConstructorDef><apiAccess value="public"/><apiParam><apiItemName>id</apiItemName><apiType value="String"/></apiParam><apiParam><apiItemName>url</apiItemName><apiType value="String"/></apiParam><apiParam><apiItemName>loaderContext</apiItemName><apiType value="flash.system:LoaderContext"/><apiData>null</apiData></apiParam></apiConstructorDef><apiDesc>
		 </apiDesc></apiConstructorDetail><apiInheritDoc/></apiConstructor><apiOperation id="org.robotlegs.utilities.assetloader.patterns.asset.type:BitmapAsset:protected:onComplete"><apiName>onComplete</apiName><shortdesc>
		 
		 Abstract method to handle the loaded Asset.</shortdesc><prolog/><apiOperationDetail><apiOperationDef><apiAccess value="protected"/><apiIsOverride/><apiReturn><apiType value="void"/></apiReturn><apiParam><apiItemName>evt</apiItemName><apiType value="flash.events:Event"/><apiDesc>The <codeph>Event</codeph> that triggered this method (<codeph>Event.COMPLETE</codeph>).
		 </apiDesc></apiParam></apiOperationDef><apiDesc>
		 
		 Abstract method to handle the loaded <codeph>Asset</codeph>.
		 
		 </apiDesc></apiOperationDetail></apiOperation><apiValue id="org.robotlegs.utilities.assetloader.patterns.asset.type:BitmapAsset:bitmapData:get"><apiName>bitmapData</apiName><shortdesc>
		 The BitmapData of the loaded Bitmap.</shortdesc><prolog/><apiValueDetail><apiValueDef><apiProperty/><apiAccess value="public"/><apiDynamic/><apiValueAccess value="read"/><apiType value="flash.display:BitmapData"/></apiValueDef><apiDesc>
		 The <codeph>BitmapData</codeph> of the loaded <codeph>Bitmap</codeph>.
		 </apiDesc></apiValueDetail></apiValue><apiValue id="org.robotlegs.utilities.assetloader.patterns.asset.type:BitmapAsset:bitmap:get"><apiName>bitmap</apiName><shortdesc>
		 The loaded Bitmap.</shortdesc><prolog/><apiValueDetail><apiValueDef><apiProperty/><apiAccess value="public"/><apiDynamic/><apiValueAccess value="read"/><apiType value="flash.display:Bitmap"/></apiValueDef><apiDesc>
		 The loaded <codeph>Bitmap</codeph>.
		 </apiDesc></apiValueDetail></apiValue><apiValue id="org.robotlegs.utilities.assetloader.patterns.asset.type:BitmapAsset:url:set"><apiName>url</apiName><shortdesc>
		 
		 </shortdesc><prolog/><apiValueDetail><apiValueDef><apiIsOverride/><apiProperty/><apiAccess value="public"/><apiDynamic/><apiValueAccess value="readwrite"/><apiType value="String"/></apiValueDef><apiDesc>
		 
		 </apiDesc></apiValueDetail></apiValue></apiClassifier></apiPackage>