<?xml version="1.0" encoding="UTF-8"?><apiPackage id="org.robotlegs.patterns.plugin.type.view.resize"><apiName>org.robotlegs.patterns.plugin.type.view.resize</apiName><apiDetail/><apiClassifier id="org.robotlegs.patterns.plugin.type.view.resize:IResize"><apiName>IResize</apiName><shortdesc>
	 The interface definition for a viewComponent which is automated by the ResizePlugin.</shortdesc><prolog><author>r.moorman
	 </author><asMetadata/></prolog><apiClassifierDetail><apiClassifierDef><apiInterface/><apiAccess value="public"/><apiStatic/><apiBaseClassifier/></apiClassifierDef><apiDesc>
	 The interface definition for a viewComponent which is automated by the <codeph>ResizePlugin</codeph>.
	 
	 </apiDesc></apiClassifierDetail><apiOperation id="org.robotlegs.patterns.plugin.type.view.resize:IResize:org.robotlegs.patterns.plugin.type.view.resize:IResize:resize"><apiName>resize</apiName><shortdesc>
		 Resize the viewComponent according the dimensions of the Stage.</shortdesc><prolog/><apiOperationDetail><apiOperationDef><apiAccess value="public"/><apiReturn><apiType value="void"/></apiReturn><apiParam><apiItemName>stageWidth</apiItemName><apiType value="Number"/><apiDesc>The width of the <codeph>Stage</codeph>.
		 </apiDesc></apiParam><apiParam><apiItemName>stageHeight</apiItemName><apiType value="Number"/><apiDesc>The height of the <codeph>Stage</codeph>.
		 </apiDesc></apiParam></apiOperationDef><apiDesc>
		 Resize the viewComponent according the dimensions of the <codeph>Stage</codeph>.
		 
		 </apiDesc></apiOperationDetail></apiOperation></apiClassifier><apiClassifier id="org.robotlegs.patterns.plugin.type.view.resize:ResizePlugin"><apiName>ResizePlugin</apiName><shortdesc>
	 
	 
	 </shortdesc><prolog><author>r.moorman
	 </author><asMetadata/></prolog><apiClassifierDetail><apiClassifierDef><apiAccess value="public"/><apiStatic/><apiBaseInterface>org.robotlegs.patterns.plugin.type.view:IViewPlugin</apiBaseInterface><apiBaseClassifier>Object</apiBaseClassifier></apiClassifierDef><apiDesc>
	 
	 
	 </apiDesc></apiClassifierDetail><apiConstructor id="org.robotlegs.patterns.plugin.type.view.resize:ResizePlugin:ResizePlugin"><apiName>ResizePlugin</apiName><shortdesc>
		 </shortdesc><prolog><asCustoms><constructor/></asCustoms></prolog><apiConstructorDetail><apiConstructorDef><apiAccess value="public"/></apiConstructorDef><apiDesc>
		 </apiDesc></apiConstructorDetail></apiConstructor><apiOperation id="org.robotlegs.patterns.plugin.type.view.resize:ResizePlugin:addedToStage"><apiName>addedToStage</apiName><shortdesc conref="org.robotlegs.patterns.plugin.type.view.IViewPlugin.addedToStage()">
		 </shortdesc><prolog/><apiOperationDetail><apiOperationDef><apiAccess value="public"/><apiReturn><apiType value="void"/></apiReturn><apiParam><apiItemName>stage</apiItemName><apiType value="flash.display:Stage"/></apiParam><apiParam><apiItemName>target</apiItemName><apiType value="flash.display:DisplayObject"/></apiParam></apiOperationDef><apiDesc conref="org.robotlegs.patterns.plugin.type.view.IViewPlugin.addedToStage()">
		 </apiDesc></apiOperationDetail></apiOperation><apiOperation id="org.robotlegs.patterns.plugin.type.view.resize:ResizePlugin:initialize"><apiName>initialize</apiName><shortdesc>
		 
		 </shortdesc><prolog/><apiOperationDetail><apiOperationDef><apiAccess value="public"/><apiReturn><apiType value="void"/></apiReturn></apiOperationDef><apiDesc>
		 
		 </apiDesc></apiOperationDetail></apiOperation><apiOperation id="org.robotlegs.patterns.plugin.type.view.resize:ResizePlugin:protected:onResize"><apiName>onResize</apiName><shortdesc>
		 
		 
		 </shortdesc><prolog/><apiOperationDetail><apiOperationDef><apiAccess value="protected"/><apiReturn><apiType value="void"/></apiReturn><apiParam><apiItemName>evt</apiItemName><apiType value="flash.events:Event"/><apiDesc>	 </apiDesc></apiParam></apiOperationDef><apiDesc>
		 
		 
		 </apiDesc></apiOperationDetail></apiOperation><apiOperation id="org.robotlegs.patterns.plugin.type.view.resize:ResizePlugin:removedFromStage"><apiName>removedFromStage</apiName><shortdesc conref="org.robotlegs.patterns.plugin.type.view.IViewPlugin.addedToStage()">
		 </shortdesc><prolog/><apiOperationDetail><apiOperationDef><apiAccess value="public"/><apiReturn><apiType value="void"/></apiReturn><apiParam><apiItemName>stage</apiItemName><apiType value="flash.display:Stage"/></apiParam><apiParam><apiItemName>target</apiItemName><apiType value="flash.display:DisplayObject"/></apiParam></apiOperationDef><apiDesc conref="org.robotlegs.patterns.plugin.type.view.IViewPlugin.addedToStage()">
		 </apiDesc></apiOperationDetail></apiOperation><apiValue id="org.robotlegs.patterns.plugin.type.view.resize:ResizePlugin:contextView"><apiName>contextView</apiName><shortdesc>
		 
		 </shortdesc><prolog/><apiValueDetail><apiValueDef><apiProperty/><apiAccess value="public"/><apiDynamic/><apiType value="flash.display:DisplayObjectContainer"/></apiValueDef><apiDesc>
		 
		 </apiDesc></apiValueDetail></apiValue></apiClassifier></apiPackage>