<?xml version="1.0" encoding="UTF-8"?><apiPackage id="org.robotlegs.utilities.localizer.core"><apiName>org.robotlegs.utilities.localizer.core</apiName><apiDetail/><apiClassifier id="org.robotlegs.utilities.localizer.core:ILocalizer"><apiName>ILocalizer</apiName><shortdesc>
	 The interface definition for Localizer.</shortdesc><prolog><author>r.moorman
	 </author><asMetadata/></prolog><apiClassifierDetail><apiClassifierDef><apiInterface/><apiAccess value="public"/><apiStatic/><apiBaseClassifier/></apiClassifierDef><apiDesc>
	 The interface definition for <codeph>Localizer</codeph>.
	 
	 </apiDesc></apiClassifierDetail><related-links><link href="" invalidHref="https.//github.com/moorinteractive/as3-robotlegs-library/wiki/localizer.xml"><linktext>https://github.com/moorinteractive/as3-robotlegs-library/wiki/localizer</linktext></link></related-links><apiOperation id="org.robotlegs.utilities.localizer.core:ILocalizer:org.robotlegs.utilities.localizer.core:ILocalizer:addLocale"><apiName>addLocale</apiName><shortdesc>
		 
		 
		 </shortdesc><prolog/><apiOperationDetail><apiOperationDef><apiAccess value="public"/><apiReturn><apiType value="void"/></apiReturn><apiParam><apiItemName>code</apiItemName><apiType value="String"/><apiDesc>The code of the <codeph>Locale</codeph>.
		 </apiDesc></apiParam><apiParam><apiItemName>data</apiItemName><apiType value="Object"/><apiDesc>	 </apiDesc></apiParam></apiOperationDef><apiDesc>
		 
		 
		 </apiDesc></apiOperationDetail></apiOperation><apiOperation id="org.robotlegs.utilities.localizer.core:ILocalizer:org.robotlegs.utilities.localizer.core:ILocalizer:getLocale"><apiName>getLocale</apiName><shortdesc>
		 
		 
		 </shortdesc><prolog/><apiOperationDetail><apiOperationDef><apiAccess value="public"/><apiReturn><apiDesc></apiDesc><apiOperationClassifier>org.robotlegs.utilities.localizer.patterns.locale:ILocale</apiOperationClassifier></apiReturn><apiParam><apiItemName>code</apiItemName><apiType value="String"/><apiDesc>The code of the <codeph>Locale</codeph>.
		 </apiDesc></apiParam></apiOperationDef><apiDesc>
		 
		 
		 </apiDesc></apiOperationDetail></apiOperation><apiOperation id="org.robotlegs.utilities.localizer.core:ILocalizer:org.robotlegs.utilities.localizer.core:ILocalizer:hasLocale"><apiName>hasLocale</apiName><shortdesc>
		 
		 
		 </shortdesc><prolog/><apiOperationDetail><apiOperationDef><apiAccess value="public"/><apiReturn><apiDesc></apiDesc><apiType value="Boolean"/></apiReturn><apiParam><apiItemName>code</apiItemName><apiType value="String"/><apiDesc>The code of the <codeph>Locale</codeph>.
		 </apiDesc></apiParam></apiOperationDef><apiDesc>
		 
		 
		 </apiDesc></apiOperationDetail></apiOperation><apiOperation id="org.robotlegs.utilities.localizer.core:ILocalizer:org.robotlegs.utilities.localizer.core:ILocalizer:localizeCustomData"><apiName>localizeCustomData</apiName><shortdesc>
		 Localize custom XML or Object data.</shortdesc><prolog/><apiOperationDetail><apiOperationDef><apiAccess value="public"/><apiReturn><apiType value="void"/></apiReturn><apiParam><apiItemName>data</apiItemName><apiType value="Object"/><apiDesc>The data to be localized.
		 </apiDesc></apiParam><apiParam><apiItemName>prefix</apiItemName><apiType value="String"/><apiData/><apiDesc>Optional prefix of all iterated mappings.
		 </apiDesc></apiParam><apiParam><apiItemName>childInjector</apiItemName><apiType value="org.robotlegs.core:IInjector"/><apiData>null</apiData><apiDesc>Optional childInjector.
		 </apiDesc></apiParam></apiOperationDef><apiDesc>
		 Localize custom <codeph>XML</codeph> or <codeph>Object</codeph> data.
		 
		 </apiDesc></apiOperationDetail></apiOperation><apiOperation id="org.robotlegs.utilities.localizer.core:ILocalizer:org.robotlegs.utilities.localizer.core:ILocalizer:localize"><apiName>localize</apiName><shortdesc>
		 Localize a Locale by it's code.</shortdesc><prolog/><apiOperationDetail><apiOperationDef><apiAccess value="public"/><apiReturn><apiType value="void"/></apiReturn><apiParam><apiItemName>code</apiItemName><apiType value="String"/><apiDesc>	 </apiDesc></apiParam></apiOperationDef><apiDesc>
		 Localize a <codeph>Locale</codeph> by it's code.
		 
		 </apiDesc></apiOperationDetail></apiOperation><apiOperation id="org.robotlegs.utilities.localizer.core:ILocalizer:org.robotlegs.utilities.localizer.core:ILocalizer:removeLocale"><apiName>removeLocale</apiName><shortdesc>
		 
		 
		 </shortdesc><prolog/><apiOperationDetail><apiOperationDef><apiAccess value="public"/><apiReturn><apiDesc></apiDesc><apiOperationClassifier>org.robotlegs.utilities.localizer.patterns.locale:ILocale</apiOperationClassifier></apiReturn><apiParam><apiItemName>code</apiItemName><apiType value="String"/><apiDesc>The code of the <codeph>Locale</codeph>.
		 </apiDesc></apiParam></apiOperationDef><apiDesc>
		 
		 
		 </apiDesc></apiOperationDetail></apiOperation></apiClassifier><apiClassifier id="org.robotlegs.utilities.localizer.core:Localizer"><apiName>Localizer</apiName><shortdesc>
	 This utility allows you to automatically map iterations of XML
	 or Object data in the Injector.</shortdesc><prolog><author>r.moorman
	 </author><asMetadata/></prolog><apiClassifierDetail><apiClassifierDef><apiAccess value="public"/><apiStatic/><apiBaseInterface>org.robotlegs.utilities.localizer.core:ILocalizer</apiBaseInterface><apiBaseClassifier>org.robotlegs.mvcs:Actor</apiBaseClassifier></apiClassifierDef><apiDesc>
	 This utility allows you to automatically map iterations of <codeph>XML</codeph>
	 or <codeph>Object</codeph> data in the <codeph>Injector</codeph>.
	 
	 </apiDesc></apiClassifierDetail><related-links><link href="" invalidHref="https.//github.com/moorinteractive/as3-robotlegs-library/wiki/localizer.xml"><linktext>https://github.com/moorinteractive/as3-robotlegs-library/wiki/localizer</linktext></link></related-links><apiConstructor id="org.robotlegs.utilities.localizer.core:Localizer:Localizer"><apiName>Localizer</apiName><shortdesc>
		 Constructor.</shortdesc><prolog/><apiConstructorDetail><apiConstructorDef><apiAccess value="public"/></apiConstructorDef><apiDesc>
		 Constructor.
		 </apiDesc></apiConstructorDetail></apiConstructor><apiOperation id="org.robotlegs.utilities.localizer.core:Localizer:addLocale"><apiName>addLocale</apiName><shortdesc conref="org.robotlegs.utilities.localizer.core.ILocalizer.addLocale()">
		 </shortdesc><prolog/><apiOperationDetail><apiOperationDef><apiAccess value="public"/><apiReturn><apiType value="void"/></apiReturn><apiParam><apiItemName>code</apiItemName><apiType value="String"/></apiParam><apiParam><apiItemName>data</apiItemName><apiType value="Object"/></apiParam></apiOperationDef><apiDesc conref="org.robotlegs.utilities.localizer.core.ILocalizer.addLocale()">
		 </apiDesc></apiOperationDetail></apiOperation><apiOperation id="org.robotlegs.utilities.localizer.core:Localizer:getLocale"><apiName>getLocale</apiName><shortdesc conref="org.robotlegs.utilities.localizer.core.ILocalizer.getLocale()">
		 </shortdesc><prolog/><apiOperationDetail><apiOperationDef><apiAccess value="public"/><apiReturn><apiOperationClassifier>org.robotlegs.utilities.localizer.patterns.locale:ILocale</apiOperationClassifier></apiReturn><apiParam><apiItemName>code</apiItemName><apiType value="String"/></apiParam></apiOperationDef><apiDesc conref="org.robotlegs.utilities.localizer.core.ILocalizer.getLocale()">
		 </apiDesc></apiOperationDetail></apiOperation><apiOperation id="org.robotlegs.utilities.localizer.core:Localizer:hasLocale"><apiName>hasLocale</apiName><shortdesc conref="org.robotlegs.utilities.localizer.core.ILocalizer.hasLocale()">
		 </shortdesc><prolog/><apiOperationDetail><apiOperationDef><apiAccess value="public"/><apiReturn><apiType value="Boolean"/></apiReturn><apiParam><apiItemName>code</apiItemName><apiType value="String"/></apiParam></apiOperationDef><apiDesc conref="org.robotlegs.utilities.localizer.core.ILocalizer.hasLocale()">
		 </apiDesc></apiOperationDetail></apiOperation><apiOperation id="org.robotlegs.utilities.localizer.core:Localizer:localizeCustomData"><apiName>localizeCustomData</apiName><shortdesc conref="org.robotlegs.utilities.localizer.core.ILocalizer.localizeCustomData()">
		 </shortdesc><prolog/><apiOperationDetail><apiOperationDef><apiAccess value="public"/><apiReturn><apiType value="void"/></apiReturn><apiParam><apiItemName>data</apiItemName><apiType value="Object"/></apiParam><apiParam><apiItemName>prefix</apiItemName><apiType value="String"/><apiData/></apiParam><apiParam><apiItemName>childInjector</apiItemName><apiType value="org.robotlegs.core:IInjector"/><apiData>null</apiData></apiParam></apiOperationDef><apiDesc conref="org.robotlegs.utilities.localizer.core.ILocalizer.localizeCustomData()">
		 </apiDesc></apiOperationDetail></apiOperation><apiOperation id="org.robotlegs.utilities.localizer.core:Localizer:localize"><apiName>localize</apiName><shortdesc conref="org.robotlegs.utilities.localizer.core.ILocalizer.localize()">
		 </shortdesc><prolog/><apiOperationDetail><apiOperationDef><apiAccess value="public"/><apiReturn><apiType value="void"/></apiReturn><apiParam><apiItemName>code</apiItemName><apiType value="String"/></apiParam></apiOperationDef><apiDesc conref="org.robotlegs.utilities.localizer.core.ILocalizer.localize()">
		 </apiDesc></apiOperationDetail></apiOperation><apiOperation id="org.robotlegs.utilities.localizer.core:Localizer:removeLocale"><apiName>removeLocale</apiName><shortdesc conref="org.robotlegs.utilities.localizer.core.ILocalizer.removeLocale()">
		 </shortdesc><prolog/><apiOperationDetail><apiOperationDef><apiAccess value="public"/><apiReturn><apiOperationClassifier>org.robotlegs.utilities.localizer.patterns.locale:ILocale</apiOperationClassifier></apiReturn><apiParam><apiItemName>code</apiItemName><apiType value="String"/></apiParam></apiOperationDef><apiDesc conref="org.robotlegs.utilities.localizer.core.ILocalizer.removeLocale()">
		 </apiDesc></apiOperationDetail></apiOperation></apiClassifier></apiPackage>