<?xml version="1.0" encoding="UTF-8"?><apiPackage id="org.robotlegs.utilities.router.controller.route"><apiName>org.robotlegs.utilities.router.controller.route</apiName><apiDetail/><apiClassifier id="org.robotlegs.utilities.router.controller.route:MapEventToRouteCommand"><apiName>MapEventToRouteCommand</apiName><shortdesc>
	 Map a Command to a specific Route.</shortdesc><prolog><author>r.moorman
	 </author><asMetadata/></prolog><apiClassifierDetail><apiClassifierDef><apiAccess value="public"/><apiStatic/><apiBaseClassifier>org.robotlegs.mvcs:Command</apiBaseClassifier></apiClassifierDef><apiDesc>
	 Map a <codeph>Command</codeph> to a specific <codeph>Route</codeph>.
	 
	 </apiDesc></apiClassifierDetail><apiOperation id="org.robotlegs.utilities.router.controller.route:MapEventToRouteCommand:execute"><apiName>execute</apiName><shortdesc>
		 </shortdesc><prolog/><apiOperationDetail><apiOperationDef><apiAccess value="public"/><apiIsOverride/><apiReturn><apiType value="void"/></apiReturn></apiOperationDef><apiDesc>
		 </apiDesc></apiOperationDetail><apiInheritDoc/></apiOperation><apiValue id="org.robotlegs.utilities.router.controller.route:MapEventToRouteCommand:event"><apiName>event</apiName><shortdesc>
		 
		 </shortdesc><prolog/><apiValueDetail><apiValueDef><apiProperty/><apiAccess value="public"/><apiDynamic/><apiValueClassifier>org.robotlegs.utilities.router.events:RouterEvent</apiValueClassifier></apiValueDef><apiDesc>
		 
		 </apiDesc></apiValueDetail></apiValue></apiClassifier><apiClassifier id="org.robotlegs.utilities.router.controller.route:RemoveEventFromRouteCommand"><apiName>RemoveEventFromRouteCommand</apiName><shortdesc>
	 
	 
	 </shortdesc><prolog><author>r.moorman
	 </author><asMetadata/></prolog><apiClassifierDetail><apiClassifierDef><apiAccess value="public"/><apiStatic/><apiBaseClassifier>org.robotlegs.mvcs:Command</apiBaseClassifier></apiClassifierDef><apiDesc>
	 
	 
	 </apiDesc></apiClassifierDetail><apiOperation id="org.robotlegs.utilities.router.controller.route:RemoveEventFromRouteCommand:execute"><apiName>execute</apiName><shortdesc>
		 </shortdesc><prolog/><apiOperationDetail><apiOperationDef><apiAccess value="public"/><apiIsOverride/><apiReturn><apiType value="void"/></apiReturn></apiOperationDef><apiDesc>
		 </apiDesc></apiOperationDetail><apiInheritDoc/></apiOperation><apiValue id="org.robotlegs.utilities.router.controller.route:RemoveEventFromRouteCommand:event"><apiName>event</apiName><shortdesc>
		 
		 </shortdesc><prolog/><apiValueDetail><apiValueDef><apiProperty/><apiAccess value="public"/><apiDynamic/><apiValueClassifier>org.robotlegs.utilities.router.events:RouterEvent</apiValueClassifier></apiValueDef><apiDesc>
		 
		 </apiDesc></apiValueDetail></apiValue></apiClassifier></apiPackage>