<?xml version="1.0" encoding="UTF-8"?><apiPackage id="org.robotlegs.utilities.styles.events"><apiName>org.robotlegs.utilities.styles.events</apiName><apiDetail/><apiClassifier id="org.robotlegs.utilities.styles.events:StylesEvent"><apiName>StylesEvent</apiName><shortdesc>
	 
	 
	 </shortdesc><prolog><author>r.moorman
	 </author><asMetadata/></prolog><apiClassifierDetail><apiClassifierDef><apiAccess value="public"/><apiStatic/><apiBaseClassifier>flash.events:Event</apiBaseClassifier></apiClassifierDef><apiDesc>
	 
	 
	 </apiDesc></apiClassifierDetail><apiConstructor id="org.robotlegs.utilities.styles.events:StylesEvent:StylesEvent"><apiName>StylesEvent</apiName><shortdesc>
		 Constructor.</shortdesc><prolog/><apiConstructorDetail><apiConstructorDef><apiAccess value="public"/><apiParam><apiItemName>type</apiItemName><apiType value="String"/><apiDesc>	 </apiDesc></apiParam><apiParam><apiItemName>bubbles</apiItemName><apiType value="Boolean"/><apiData>false</apiData><apiDesc>	 </apiDesc></apiParam><apiParam><apiItemName>cancelable</apiItemName><apiType value="Boolean"/><apiData>false</apiData><apiDesc>	 </apiDesc></apiParam></apiConstructorDef><apiDesc>
		 Constructor.
		 
		 </apiDesc></apiConstructorDetail></apiConstructor><apiOperation id="org.robotlegs.utilities.styles.events:StylesEvent:clone"><apiName>clone</apiName><shortdesc>
		 </shortdesc><prolog/><apiOperationDetail><apiOperationDef><apiAccess value="public"/><apiIsOverride/><apiReturn><apiType value="flash.events:Event"/></apiReturn></apiOperationDef><apiDesc>
		 </apiDesc></apiOperationDetail><apiInheritDoc/></apiOperation></apiClassifier></apiPackage>