<?xml version="1.0" encoding="UTF-8"?><apiPackage id="org.robotlegs.base"><apiName>org.robotlegs.base</apiName><apiDetail/><apiClassifier id="org.robotlegs.base:PluginMap"><apiName>PluginMap</apiName><shortdesc>
	 Abstract implementation of IPluginMap.</shortdesc><prolog><author>r.moorman
	 </author><asMetadata/></prolog><apiClassifierDetail><apiClassifierDef><apiAccess value="public"/><apiStatic/><apiBaseInterface>org.robotlegs.core:IPluginMap</apiBaseInterface><apiBaseClassifier>org.robotlegs.base:ViewMapBase</apiBaseClassifier></apiClassifierDef><apiDesc>
	 Abstract implementation of <codeph>IPluginMap</codeph>.
	 
	 </apiDesc></apiClassifierDetail><apiConstructor id="org.robotlegs.base:PluginMap:PluginMap"><apiName>PluginMap</apiName><shortdesc>
		 
		 
		 </shortdesc><prolog/><apiConstructorDetail><apiConstructorDef><apiAccess value="public"/><apiParam><apiItemName>contextView</apiItemName><apiType value="flash.display:DisplayObjectContainer"/><apiDesc>	 </apiDesc></apiParam><apiParam><apiItemName>injector</apiItemName><apiType value="org.robotlegs.core:IInjector"/><apiDesc>	 </apiDesc></apiParam></apiConstructorDef><apiDesc>
		 
		 
		 </apiDesc></apiConstructorDetail></apiConstructor><apiOperation id="org.robotlegs.base:PluginMap:protected:addListeners"><apiName>addListeners</apiName><shortdesc>
		 </shortdesc><prolog/><apiOperationDetail><apiOperationDef><apiAccess value="protected"/><apiIsOverride/><apiReturn><apiType value="void"/></apiReturn></apiOperationDef><apiDesc>
		 </apiDesc></apiOperationDetail><apiInheritDoc/></apiOperation><apiOperation id="org.robotlegs.base:PluginMap:addPlugin"><apiName>addPlugin</apiName><shortdesc conref="org.robotlegs.core.IPluginMap.addPlugin()">
		 </shortdesc><prolog/><apiOperationDetail><apiOperationDef><apiAccess value="public"/><apiReturn><apiType value="void"/></apiReturn><apiParam><apiItemName>plugin</apiItemName><apiOperationClassifier>org.robotlegs.patterns.plugin:IPlugin</apiOperationClassifier></apiParam></apiOperationDef><apiDesc conref="org.robotlegs.core.IPluginMap.addPlugin()">
		 </apiDesc></apiOperationDetail></apiOperation><apiOperation id="org.robotlegs.base:PluginMap:hasPlugin"><apiName>hasPlugin</apiName><shortdesc conref="org.robotlegs.core.IPluginMap.hasPlugin()">
		 </shortdesc><prolog/><apiOperationDetail><apiOperationDef><apiAccess value="public"/><apiReturn><apiType value="Boolean"/></apiReturn><apiParam><apiItemName>pluginClass</apiItemName><apiType value="Class"/></apiParam></apiOperationDef><apiDesc conref="org.robotlegs.core.IPluginMap.hasPlugin()">
		 </apiDesc></apiOperationDetail></apiOperation><apiOperation id="org.robotlegs.base:PluginMap:protected:onViewAdded"><apiName>onViewAdded</apiName><shortdesc>
		 Iterates through the available plugins of type IViewMap
		 and execute their operations when a viewComponent is added on the Stage.</shortdesc><prolog/><apiOperationDetail><apiOperationDef><apiAccess value="protected"/><apiIsOverride/><apiReturn><apiType value="void"/></apiReturn><apiParam><apiItemName>evt</apiItemName><apiType value="flash.events:Event"/><apiDesc>	 </apiDesc></apiParam></apiOperationDef><apiDesc>
		 Iterates through the available plugins of type <codeph>IViewMap</codeph>
		 and execute their operations when a viewComponent is added on the <codeph>Stage</codeph>.
		 
		 </apiDesc></apiOperationDetail></apiOperation><apiOperation id="org.robotlegs.base:PluginMap:protected:onViewRemoved"><apiName>onViewRemoved</apiName><shortdesc>
		 Iterates through the available plugins of type IViewMap
		 and execute their operations when a viewComponent is removed from the Stage.</shortdesc><prolog/><apiOperationDetail><apiOperationDef><apiAccess value="protected"/><apiReturn><apiType value="void"/></apiReturn><apiParam><apiItemName>evt</apiItemName><apiType value="flash.events:Event"/><apiDesc>	 </apiDesc></apiParam></apiOperationDef><apiDesc>
		 Iterates through the available plugins of type <codeph>IViewMap</codeph>
		 and execute their operations when a viewComponent is removed from the <codeph>Stage</codeph>.
		 
		 </apiDesc></apiOperationDetail></apiOperation><apiOperation id="org.robotlegs.base:PluginMap:protected:removeListeners"><apiName>removeListeners</apiName><shortdesc>
		 </shortdesc><prolog/><apiOperationDetail><apiOperationDef><apiAccess value="protected"/><apiIsOverride/><apiReturn><apiType value="void"/></apiReturn></apiOperationDef><apiDesc>
		 </apiDesc></apiOperationDetail><apiInheritDoc/></apiOperation><apiOperation id="org.robotlegs.base:PluginMap:removePlugin"><apiName>removePlugin</apiName><shortdesc conref="org.robotlegs.core.IPluginMap.removePlugin()">
		 </shortdesc><prolog/><apiOperationDetail><apiOperationDef><apiAccess value="public"/><apiReturn><apiType value="void"/></apiReturn><apiParam><apiItemName>pluginClass</apiItemName><apiType value="Class"/></apiParam></apiOperationDef><apiDesc conref="org.robotlegs.core.IPluginMap.removePlugin()">
		 </apiDesc></apiOperationDetail></apiOperation></apiClassifier></apiPackage>