<?xml version="1.0" encoding="UTF-8"?><apiPackage id="org.robotlegs.utilities.layers.patterns.layer"><apiName>org.robotlegs.utilities.layers.patterns.layer</apiName><apiDetail/><apiClassifier id="org.robotlegs.utilities.layers.patterns.layer:Layer"><apiName>Layer</apiName><shortdesc>
	 Abstract implementation of IAsset.</shortdesc><prolog><author>r.moorman
	 </author><asMetadata/></prolog><apiClassifierDetail><apiClassifierDef><apiAccess value="public"/><apiStatic/><apiBaseInterface>org.robotlegs.utilities.layers.patterns.layer:ILayer</apiBaseInterface><apiBaseClassifier>flash.display:Sprite</apiBaseClassifier></apiClassifierDef><apiDesc>
	 Abstract implementation of <codeph>IAsset</codeph>.
	 
	 </apiDesc></apiClassifierDetail><apiConstructor id="org.robotlegs.utilities.layers.patterns.layer:Layer:Layer"><apiName>Layer</apiName><shortdesc>
		 Constructor.</shortdesc><prolog/><apiConstructorDetail><apiConstructorDef><apiAccess value="public"/><apiParam><apiItemName>name</apiItemName><apiType value="String"/><apiDesc>The name of the <codeph>Layer</codeph>.
		 </apiDesc></apiParam></apiConstructorDef><apiDesc>
		 Constructor.
		 
		 </apiDesc></apiConstructorDetail></apiConstructor><apiOperation id="org.robotlegs.utilities.layers.patterns.layer:Layer:lock"><apiName>lock</apiName><shortdesc conref="org.robotlegs.utilities.layers.patterns.layer.ILayer.lock()">
		 </shortdesc><prolog/><apiOperationDetail><apiOperationDef><apiAccess value="public"/><apiReturn><apiType value="void"/></apiReturn></apiOperationDef><apiDesc conref="org.robotlegs.utilities.layers.patterns.layer.ILayer.lock()">
		 </apiDesc></apiOperationDetail></apiOperation><apiOperation id="org.robotlegs.utilities.layers.patterns.layer:Layer:unlock"><apiName>unlock</apiName><shortdesc conref="org.robotlegs.utilities.layers.patterns.layer.ILayer.unlock()">
		 </shortdesc><prolog/><apiOperationDetail><apiOperationDef><apiAccess value="public"/><apiReturn><apiType value="void"/></apiReturn></apiOperationDef><apiDesc conref="org.robotlegs.utilities.layers.patterns.layer.ILayer.unlock()">
		 </apiDesc></apiOperationDetail></apiOperation></apiClassifier><apiClassifier id="org.robotlegs.utilities.layers.patterns.layer:ILayer"><apiName>ILayer</apiName><shortdesc>
	 The interface definition for Layers.</shortdesc><prolog><author>r.moorman
	 </author><asMetadata/></prolog><apiClassifierDetail><apiClassifierDef><apiInterface/><apiAccess value="public"/><apiStatic/><apiBaseClassifier/></apiClassifierDef><apiDesc>
	 The interface definition for <codeph>Layers</codeph>.
	 
	 </apiDesc></apiClassifierDetail><apiOperation id="org.robotlegs.utilities.layers.patterns.layer:ILayer:org.robotlegs.utilities.layers.patterns.layer:ILayer:addChildAt"><apiName>addChildAt</apiName><shortdesc conref="flash.display.DisplayObjectContainer.addChildAt">
		 </shortdesc><prolog/><apiOperationDetail><apiOperationDef><apiAccess value="public"/><apiReturn><apiType value="flash.display:DisplayObject"/></apiReturn><apiParam><apiItemName>child</apiItemName><apiType value="flash.display:DisplayObject"/></apiParam><apiParam><apiItemName>index</apiItemName><apiType value="int"/></apiParam></apiOperationDef><apiDesc conref="flash.display.DisplayObjectContainer.addChildAt">
		 </apiDesc></apiOperationDetail></apiOperation><apiOperation id="org.robotlegs.utilities.layers.patterns.layer:ILayer:org.robotlegs.utilities.layers.patterns.layer:ILayer:addChild"><apiName>addChild</apiName><shortdesc conref="flash.display.DisplayObjectContainer.addChild">
		 </shortdesc><prolog/><apiOperationDetail><apiOperationDef><apiAccess value="public"/><apiReturn><apiType value="flash.display:DisplayObject"/></apiReturn><apiParam><apiItemName>child</apiItemName><apiType value="flash.display:DisplayObject"/></apiParam></apiOperationDef><apiDesc conref="flash.display.DisplayObjectContainer.addChild">
		 </apiDesc></apiOperationDetail></apiOperation><apiOperation id="org.robotlegs.utilities.layers.patterns.layer:ILayer:org.robotlegs.utilities.layers.patterns.layer:ILayer:getChildAt"><apiName>getChildAt</apiName><shortdesc conref="flash.display.DisplayObjectContainer.getChildAt">
		 </shortdesc><prolog/><apiOperationDetail><apiOperationDef><apiAccess value="public"/><apiReturn><apiType value="flash.display:DisplayObject"/></apiReturn><apiParam><apiItemName>index</apiItemName><apiType value="int"/></apiParam></apiOperationDef><apiDesc conref="flash.display.DisplayObjectContainer.getChildAt">
		 </apiDesc></apiOperationDetail></apiOperation><apiOperation id="org.robotlegs.utilities.layers.patterns.layer:ILayer:org.robotlegs.utilities.layers.patterns.layer:ILayer:getChildByName"><apiName>getChildByName</apiName><shortdesc conref="flash.display.DisplayObjectContainer.getChildByName">
		 </shortdesc><prolog/><apiOperationDetail><apiOperationDef><apiAccess value="public"/><apiReturn><apiType value="flash.display:DisplayObject"/></apiReturn><apiParam><apiItemName>name</apiItemName><apiType value="String"/></apiParam></apiOperationDef><apiDesc conref="flash.display.DisplayObjectContainer.getChildByName">
		 </apiDesc></apiOperationDetail></apiOperation><apiOperation id="org.robotlegs.utilities.layers.patterns.layer:ILayer:org.robotlegs.utilities.layers.patterns.layer:ILayer:getChildIndex"><apiName>getChildIndex</apiName><shortdesc conref="flash.display.DisplayObjectContainer.getChildIndex">
		 </shortdesc><prolog/><apiOperationDetail><apiOperationDef><apiAccess value="public"/><apiReturn><apiType value="int"/></apiReturn><apiParam><apiItemName>child</apiItemName><apiType value="flash.display:DisplayObject"/></apiParam></apiOperationDef><apiDesc conref="flash.display.DisplayObjectContainer.getChildIndex">
		 </apiDesc></apiOperationDetail></apiOperation><apiOperation id="org.robotlegs.utilities.layers.patterns.layer:ILayer:org.robotlegs.utilities.layers.patterns.layer:ILayer:lock"><apiName>lock</apiName><shortdesc>
		 Lock the user interface of the Layer.</shortdesc><prolog/><apiOperationDetail><apiOperationDef><apiAccess value="public"/><apiReturn><apiType value="void"/></apiReturn></apiOperationDef><apiDesc>
		 Lock the user interface of the <codeph>Layer</codeph>.
		 </apiDesc></apiOperationDetail></apiOperation><apiOperation id="org.robotlegs.utilities.layers.patterns.layer:ILayer:org.robotlegs.utilities.layers.patterns.layer:ILayer:removeChildAt"><apiName>removeChildAt</apiName><shortdesc conref="flash.display.DisplayObjectContainer.removeChildAt">
		 </shortdesc><prolog/><apiOperationDetail><apiOperationDef><apiAccess value="public"/><apiReturn><apiType value="flash.display:DisplayObject"/></apiReturn><apiParam><apiItemName>index</apiItemName><apiType value="int"/></apiParam></apiOperationDef><apiDesc conref="flash.display.DisplayObjectContainer.removeChildAt">
		 </apiDesc></apiOperationDetail></apiOperation><apiOperation id="org.robotlegs.utilities.layers.patterns.layer:ILayer:org.robotlegs.utilities.layers.patterns.layer:ILayer:removeChild"><apiName>removeChild</apiName><shortdesc conref="flash.display.DisplayObjectContainer.removeChild">
		 </shortdesc><prolog/><apiOperationDetail><apiOperationDef><apiAccess value="public"/><apiReturn><apiType value="flash.display:DisplayObject"/></apiReturn><apiParam><apiItemName>child</apiItemName><apiType value="flash.display:DisplayObject"/></apiParam></apiOperationDef><apiDesc conref="flash.display.DisplayObjectContainer.removeChild">
		 </apiDesc></apiOperationDetail></apiOperation><apiOperation id="org.robotlegs.utilities.layers.patterns.layer:ILayer:org.robotlegs.utilities.layers.patterns.layer:ILayer:unlock"><apiName>unlock</apiName><shortdesc>
		 Unlock the user interface of the Layer.</shortdesc><prolog/><apiOperationDetail><apiOperationDef><apiAccess value="public"/><apiReturn><apiType value="void"/></apiReturn></apiOperationDef><apiDesc>
		 Unlock the user interface of the <codeph>Layer</codeph>.
		 </apiDesc></apiOperationDetail></apiOperation><apiValue id="org.robotlegs.utilities.layers.patterns.layer:ILayer:org.robotlegs.utilities.layers.patterns.layer:ILayer:name:get"><apiName>name</apiName><shortdesc>
		 The name of the Layer.</shortdesc><prolog/><apiValueDetail><apiValueDef><apiProperty/><apiAccess value="public"/><apiDynamic/><apiValueAccess value="read"/><apiType value="String"/></apiValueDef><apiDesc>
		 The name of the <codeph>Layer</codeph>.
		 </apiDesc></apiValueDetail></apiValue></apiClassifier></apiPackage>