<?xml version="1.0" encoding="UTF-8"?><apiPackage id="org.robotlegs.utilities.localizer.controller.data"><apiName>org.robotlegs.utilities.localizer.controller.data</apiName><apiDetail/><apiClassifier id="org.robotlegs.utilities.localizer.controller.data:LocalizeDataCommand"><apiName>LocalizeDataCommand</apiName><shortdesc>
	 Localize XML or Object data.</shortdesc><prolog><author>r.moorman
	 </author><asMetadata/></prolog><apiClassifierDetail><apiClassifierDef><apiAccess value="public"/><apiStatic/><apiBaseClassifier>org.robotlegs.mvcs:Command</apiBaseClassifier></apiClassifierDef><apiDesc>
	 Localize <codeph>XML</codeph> or <codeph>Object</codeph> data.
	 
	 </apiDesc></apiClassifierDetail><apiOperation id="org.robotlegs.utilities.localizer.controller.data:LocalizeDataCommand:execute"><apiName>execute</apiName><shortdesc>
		 </shortdesc><prolog/><apiOperationDetail><apiOperationDef><apiAccess value="public"/><apiIsOverride/><apiReturn><apiType value="void"/></apiReturn></apiOperationDef><apiDesc>
		 </apiDesc></apiOperationDetail><apiInheritDoc/></apiOperation><apiValue id="org.robotlegs.utilities.localizer.controller.data:LocalizeDataCommand:event"><apiName>event</apiName><shortdesc>
		 The LocalizerEvent that executed this Command.</shortdesc><prolog/><apiValueDetail><apiValueDef><apiProperty/><apiAccess value="public"/><apiDynamic/><apiValueClassifier>org.robotlegs.utilities.localizer.events:LocalizerEvent</apiValueClassifier></apiValueDef><apiDesc>
		 The <codeph>LocalizerEvent</codeph> that executed this <codeph>Command</codeph>.
		 </apiDesc></apiValueDetail></apiValue><apiValue id="org.robotlegs.utilities.localizer.controller.data:LocalizeDataCommand:localizer"><apiName>localizer</apiName><shortdesc>
		 Reference to the Localizer utility.</shortdesc><prolog/><apiValueDetail><apiValueDef><apiProperty/><apiAccess value="public"/><apiDynamic/><apiValueClassifier>org.robotlegs.utilities.localizer.core:ILocalizer</apiValueClassifier></apiValueDef><apiDesc>
		 Reference to the <codeph>Localizer</codeph> utility.
		 </apiDesc></apiValueDetail></apiValue></apiClassifier></apiPackage>