<?xml version="1.0" encoding="UTF-8"?><apiPackage id="org.robotlegs.utilities.layers.events"><apiName>org.robotlegs.utilities.layers.events</apiName><apiDetail/><apiClassifier id="org.robotlegs.utilities.layers.events:LayersEvent"><apiName>LayersEvent</apiName><shortdesc>
	 Custom Event for Layers.</shortdesc><prolog><author>r.moorman
	 </author><asMetadata/></prolog><apiClassifierDetail><apiClassifierDef><apiAccess value="public"/><apiStatic/><apiBaseClassifier>flash.events:Event</apiBaseClassifier></apiClassifierDef><apiDesc>
	 Custom <codeph>Event</codeph> for <codeph>Layers</codeph>.
	 
	 </apiDesc></apiClassifierDetail><apiConstructor id="org.robotlegs.utilities.layers.events:LayersEvent:LayersEvent"><apiName>LayersEvent</apiName><shortdesc>
		 Constructor.</shortdesc><prolog/><apiConstructorDetail><apiConstructorDef><apiAccess value="public"/><apiParam><apiItemName>type</apiItemName><apiType value="String"/><apiDesc>The type of <codeph>Event</codeph>.
		 </apiDesc></apiParam><apiParam><apiItemName>layer</apiItemName><apiOperationClassifier>org.robotlegs.utilities.layers.patterns.layer:ILayer</apiOperationClassifier><apiDesc>The <codeph>Layer</codeph> to be handled.
		 </apiDesc></apiParam><apiParam><apiItemName>index</apiItemName><apiType value="int"/><apiData>-1</apiData><apiDesc>The childIndex to transfer the <codeph>Layer</codeph> to.
		 </apiDesc></apiParam><apiParam><apiItemName>bubbles</apiItemName><apiType value="Boolean"/><apiData>false</apiData><apiDesc>	 </apiDesc></apiParam><apiParam><apiItemName>cancelable</apiItemName><apiType value="Boolean"/><apiData>false</apiData><apiDesc>	 </apiDesc></apiParam></apiConstructorDef><apiDesc>
		 Constructor.
		 
		 </apiDesc></apiConstructorDetail></apiConstructor><apiOperation id="org.robotlegs.utilities.layers.events:LayersEvent:clone"><apiName>clone</apiName><shortdesc>
		 </shortdesc><prolog/><apiOperationDetail><apiOperationDef><apiAccess value="public"/><apiIsOverride/><apiReturn><apiType value="flash.events:Event"/></apiReturn></apiOperationDef><apiDesc>
		 </apiDesc></apiOperationDetail><apiInheritDoc/></apiOperation><apiValue id="org.robotlegs.utilities.layers.events:LayersEvent:ADD_LAYER"><apiName>ADD_LAYER</apiName><shortdesc>
		 Dispatched when a Layer sould be added.</shortdesc><prolog/><apiValueDetail><apiValueDef><apiAccess value="public"/><apiStatic/><apiData>org.robotlegs.utilities.layers.events.LayersEvent.ADD_LAYER</apiData><apiType value="String"/></apiValueDef><apiDesc>
		 Dispatched when a <codeph>Layer</codeph> sould be added.
		 </apiDesc></apiValueDetail></apiValue><apiValue id="org.robotlegs.utilities.layers.events:LayersEvent:REMOVE_LAYER"><apiName>REMOVE_LAYER</apiName><shortdesc>
		 Dispatched when a Layer sould be removed.</shortdesc><prolog/><apiValueDetail><apiValueDef><apiAccess value="public"/><apiStatic/><apiData>org.robotlegs.utilities.layers.events.LayersEvent.REMOVE_LAYER</apiData><apiType value="String"/></apiValueDef><apiDesc>
		 Dispatched when a <codeph>Layer</codeph> sould be removed.
		 </apiDesc></apiValueDetail></apiValue><apiValue id="org.robotlegs.utilities.layers.events:LayersEvent:TRANSFER_LAYER"><apiName>TRANSFER_LAYER</apiName><shortdesc>
		 Dispatched when a Layer sould be transfered.</shortdesc><prolog/><apiValueDetail><apiValueDef><apiAccess value="public"/><apiStatic/><apiData>org.robotlegs.utilities.layers.events.LayersEvent.TRANSFER_LAYER</apiData><apiType value="String"/></apiValueDef><apiDesc>
		 Dispatched when a <codeph>Layer</codeph> sould be transfered.
		 </apiDesc></apiValueDetail></apiValue><apiValue id="org.robotlegs.utilities.layers.events:LayersEvent:index:get"><apiName>index</apiName><shortdesc>
		 The childIndex to transfer the Layer to.</shortdesc><prolog/><apiValueDetail><apiValueDef><apiProperty/><apiAccess value="public"/><apiDynamic/><apiValueAccess value="read"/><apiType value="int"/></apiValueDef><apiDesc>
		 The childIndex to transfer the <codeph>Layer</codeph> to.
		 </apiDesc></apiValueDetail></apiValue><apiValue id="org.robotlegs.utilities.layers.events:LayersEvent:layer:get"><apiName>layer</apiName><shortdesc>
		 The Layer to be handled.</shortdesc><prolog/><apiValueDetail><apiValueDef><apiProperty/><apiAccess value="public"/><apiDynamic/><apiValueAccess value="read"/><apiValueClassifier>org.robotlegs.utilities.layers.patterns.layer:ILayer</apiValueClassifier></apiValueDef><apiDesc>
		 The <codeph>Layer</codeph> to be handled.
		 </apiDesc></apiValueDetail></apiValue></apiClassifier></apiPackage>