<?xml version="1.0" encoding="UTF-8"?><apiPackage id="org.robotlegs.utils"><apiName>org.robotlegs.utils</apiName><apiDetail/><apiClassifier id="org.robotlegs.utils:ClassUtil"><apiName>ClassUtil</apiName><shortdesc>
	 Utilities for Class related functionalities.</shortdesc><prolog><author>r.moorman
	 </author><asMetadata/></prolog><apiClassifierDetail><apiClassifierDef><apiAccess value="public"/><apiStatic/><apiBaseClassifier>Object</apiBaseClassifier></apiClassifierDef><apiDesc>
	 Utilities for <codeph>Class</codeph> related functionalities.
	 
	 </apiDesc></apiClassifierDetail><apiOperation id="org.robotlegs.utils:ClassUtil:getEventsFromObject"><apiName>getEventsFromObject</apiName><shortdesc>
		 Get all Events form a provided value.</shortdesc><prolog/><apiOperationDetail><apiOperationDef><apiAccess value="public"/><apiStatic/><apiReturn><apiDesc>Vector instance of all Events found in the provided value.
		 </apiDesc><apiType value="Vector$flash.events:Event"/></apiReturn><apiParam><apiItemName>reflector</apiItemName><apiType value="org.robotlegs.core:IReflector"/><apiDesc>The <codeph>IReflector</codeph> of Robotlegs.
		 </apiDesc></apiParam><apiParam><apiItemName>value</apiItemName><apiType value="Object"/><apiDesc>The value to get the Events from.
		 </apiDesc></apiParam></apiOperationDef><apiDesc>
		 Get all <codeph>Events</codeph> form a provided value.
		 
		 <p>This method is usually called by a <codeph>MacroCommand</codeph> for passing through
		 it's <codeph>Events</codeph> to <codeph>SubCommands</codeph>.</p>
		 
		 </apiDesc></apiOperationDetail></apiOperation></apiClassifier></apiPackage>