<?xml version="1.0" encoding="UTF-8"?><apiPackage id="org.robotlegs.utilities.assetloader.error"><apiName>org.robotlegs.utilities.assetloader.error</apiName><apiDetail/><apiClassifier id="org.robotlegs.utilities.assetloader.error:AssetLoaderError"><apiName>AssetLoaderError</apiName><shortdesc>
	 Custom error Class for an AssetLoader.</shortdesc><prolog><author>r.moorman
	 </author><asMetadata/></prolog><apiClassifierDetail><apiClassifierDef><apiAccess value="public"/><apiStatic/><apiBaseClassifier>Error</apiBaseClassifier></apiClassifierDef><apiDesc>
	 Custom error <codeph>Class</codeph> for an <codeph>AssetLoader</codeph>.
	 
	 </apiDesc></apiClassifierDetail><apiConstructor id="org.robotlegs.utilities.assetloader.error:AssetLoaderError:AssetLoaderError"><apiName>AssetLoaderError</apiName><shortdesc>
		 </shortdesc><prolog/><apiConstructorDetail><apiConstructorDef><apiAccess value="public"/><apiParam><apiItemName>message</apiItemName><apiType value="any"/><apiData/></apiParam><apiParam><apiItemName>id</apiItemName><apiType value="any"/><apiData>0</apiData></apiParam></apiConstructorDef><apiDesc>
		 </apiDesc></apiConstructorDetail><apiInheritDoc/></apiConstructor></apiClassifier></apiPackage>