<?xml version="1.0" encoding="UTF-8"?><apiPackage id="org.robotlegs.patterns.plugin"><apiName>org.robotlegs.patterns.plugin</apiName><apiDetail/><apiClassifier id="org.robotlegs.patterns.plugin:IPlugin"><apiName>IPlugin</apiName><shortdesc>
	 The interface definition for a Plugin.</shortdesc><prolog><author>r.moorman
	 </author><asMetadata/></prolog><apiClassifierDetail><apiClassifierDef><apiInterface/><apiAccess value="public"/><apiStatic/><apiBaseClassifier/></apiClassifierDef><apiDesc>
	 The interface definition for a <codeph>Plugin</codeph>.
	 
	 </apiDesc></apiClassifierDetail></apiClassifier><apiClassifier id="org.robotlegs.patterns.plugin:Plugin"><apiName>Plugin</apiName><shortdesc>
	 Abstract implementation of IPlugin.</shortdesc><prolog><author>r.moorman
	 </author><asMetadata/></prolog><apiClassifierDetail><apiClassifierDef><apiAccess value="public"/><apiStatic/><apiBaseInterface>org.robotlegs.patterns.plugin:IPlugin</apiBaseInterface><apiBaseClassifier>Object</apiBaseClassifier></apiClassifierDef><apiDesc>
	 Abstract implementation of <codeph>IPlugin</codeph>.
	 
	 </apiDesc></apiClassifierDetail></apiClassifier></apiPackage>