<?xml version="1.0" encoding="UTF-8"?><apiPackage id="org.robotlegs.utilities.router.patterns.route"><apiName>org.robotlegs.utilities.router.patterns.route</apiName><apiDetail/><apiClassifier id="org.robotlegs.utilities.router.patterns.route:Route"><apiName>Route</apiName><shortdesc>
	 Abstract Route implementation.</shortdesc><prolog><author>r.moorman
	 </author><asMetadata/></prolog><apiClassifierDetail><apiClassifierDef><apiAccess value="public"/><apiDynamic/><apiBaseClassifier>flash.utils:Proxy</apiBaseClassifier></apiClassifierDef><apiDesc>
	 Abstract <codeph>Route</codeph> implementation.
	 
	 </apiDesc></apiClassifierDetail><apiConstructor id="org.robotlegs.utilities.router.patterns.route:Route:Route"><apiName>Route</apiName><shortdesc>
		 Constructor.</shortdesc><prolog/><apiConstructorDetail><apiConstructorDef><apiAccess value="public"/><apiParam><apiItemName>type</apiItemName><apiType value="String"/><apiDesc>	 </apiDesc></apiParam></apiConstructorDef><apiDesc>
		 Constructor.
		 
		 </apiDesc></apiConstructorDetail></apiConstructor><apiOperation id="org.robotlegs.utilities.router.patterns.route:Route:flash_proxy:callProperty"><apiName>callProperty</apiName><shortdesc>
		 
		 
		 </shortdesc><prolog/><apiOperationDetail><apiOperationDef><apiAccess value="flash_proxy"/><apiIsOverride/><apiReturn><apiDesc>
		 </apiDesc><apiType value="any"/></apiReturn><apiParam><apiItemName>name</apiItemName><apiType value="any"/><apiDesc>	 </apiDesc></apiParam><apiParam><apiItemName>parameters</apiItemName><apiType value="restParam"/><apiDesc>	 </apiDesc></apiParam></apiOperationDef><apiDesc>
		 
		 
		 </apiDesc></apiOperationDetail></apiOperation><apiOperation id="org.robotlegs.utilities.router.patterns.route:Route:getPayload"><apiName>getPayload</apiName><shortdesc>
		 
		 
		 </shortdesc><prolog/><apiOperationDetail><apiOperationDef><apiAccess value="public"/><apiReturn><apiDesc>
		 </apiDesc><apiType value="Object"/></apiReturn><apiParam><apiItemName>pathNames</apiItemName><apiType value="Array"/><apiDesc>	 </apiDesc></apiParam></apiOperationDef><apiDesc>
		 
		 
		 </apiDesc></apiOperationDetail></apiOperation><apiOperation id="org.robotlegs.utilities.router.patterns.route:Route:match"><apiName>match</apiName><shortdesc>
		 
		 
		 </shortdesc><prolog/><apiOperationDetail><apiOperationDef><apiAccess value="public"/><apiReturn><apiDesc>
		 </apiDesc><apiType value="Boolean"/></apiReturn><apiParam><apiItemName>pathNames</apiItemName><apiType value="Array"/><apiDesc>	 </apiDesc></apiParam></apiOperationDef><apiDesc>
		 
		 
		 </apiDesc></apiOperationDetail></apiOperation><apiOperation id="org.robotlegs.utilities.router.patterns.route:Route:toString"><apiName>toString</apiName><shortdesc>
		 
		 
		 </shortdesc><prolog/><apiOperationDetail><apiOperationDef><apiAccess value="public"/><apiReturn><apiDesc></apiDesc><apiType value="String"/></apiReturn></apiOperationDef><apiDesc>
		 
		 
		 </apiDesc></apiOperationDetail></apiOperation><apiValue id="org.robotlegs.utilities.router.patterns.route:Route:length:get"><apiName>length</apiName><shortdesc>
		 
		 
		 </shortdesc><prolog/><apiValueDetail><apiValueDef><apiProperty/><apiAccess value="public"/><apiDynamic/><apiValueAccess value="read"/><apiType value="int"/></apiValueDef><apiDesc>
		 
		 
		 </apiDesc></apiValueDetail></apiValue><apiValue id="org.robotlegs.utilities.router.patterns.route:Route:type:get"><apiName>type</apiName><shortdesc>
		 
		 
		 </shortdesc><prolog/><apiValueDetail><apiValueDef><apiProperty/><apiAccess value="public"/><apiDynamic/><apiValueAccess value="read"/><apiType value="String"/></apiValueDef><apiDesc>
		 
		 
		 </apiDesc></apiValueDetail></apiValue></apiClassifier></apiPackage>