<?xml version="1.0" encoding="UTF-8"?><apiPackage id="org.robotlegs.patterns.plugin.type.view"><apiName>org.robotlegs.patterns.plugin.type.view</apiName><apiDetail/><apiClassifier id="org.robotlegs.patterns.plugin.type.view:ViewPlugin"><apiName>ViewPlugin</apiName><shortdesc>
	 Abstract implementation of IViewPlugin.</shortdesc><prolog><author>r.moorman
	 </author><asMetadata/></prolog><apiClassifierDetail><apiClassifierDef><apiAccess value="public"/><apiStatic/><apiBaseInterface>org.robotlegs.patterns.plugin:IPlugin</apiBaseInterface><apiBaseClassifier>Object</apiBaseClassifier></apiClassifierDef><apiDesc>
	 Abstract implementation of <codeph>IViewPlugin</codeph>.
	 
	 </apiDesc></apiClassifierDetail><apiOperation id="org.robotlegs.patterns.plugin.type.view:ViewPlugin:addedToStage"><apiName>addedToStage</apiName><shortdesc conref="org.robotlegs.patterns.plugin.type.view.IViewPlugin.addedToStage()">
		 </shortdesc><prolog/><apiOperationDetail><apiOperationDef><apiAccess value="public"/><apiReturn><apiType value="void"/></apiReturn><apiParam><apiItemName>stage</apiItemName><apiType value="flash.display:Stage"/></apiParam><apiParam><apiItemName>target</apiItemName><apiType value="flash.display:DisplayObject"/></apiParam></apiOperationDef><apiDesc conref="org.robotlegs.patterns.plugin.type.view.IViewPlugin.addedToStage()">
		 </apiDesc></apiOperationDetail></apiOperation><apiOperation id="org.robotlegs.patterns.plugin.type.view:ViewPlugin:removedFromStage"><apiName>removedFromStage</apiName><shortdesc conref="org.robotlegs.patterns.plugin.type.view.IViewPlugin.addedToStage()">
		 </shortdesc><prolog/><apiOperationDetail><apiOperationDef><apiAccess value="public"/><apiReturn><apiType value="void"/></apiReturn><apiParam><apiItemName>stage</apiItemName><apiType value="flash.display:Stage"/></apiParam><apiParam><apiItemName>target</apiItemName><apiType value="flash.display:DisplayObject"/></apiParam></apiOperationDef><apiDesc conref="org.robotlegs.patterns.plugin.type.view.IViewPlugin.addedToStage()">
		 </apiDesc></apiOperationDetail></apiOperation></apiClassifier><apiClassifier id="org.robotlegs.patterns.plugin.type.view:IViewPlugin"><apiName>IViewPlugin</apiName><shortdesc>
	 The interface definition for ViewPlugin.</shortdesc><prolog><author>r.moorman
	 </author><asMetadata/></prolog><apiClassifierDetail><apiClassifierDef><apiInterface/><apiAccess value="public"/><apiStatic/><apiBaseInterface>org.robotlegs.patterns.plugin:IPlugin</apiBaseInterface><apiBaseClassifier/></apiClassifierDef><apiDesc>
	 The interface definition for <codeph>ViewPlugin</codeph>.
	 
	 </apiDesc></apiClassifierDetail><apiOperation id="org.robotlegs.patterns.plugin.type.view:IViewPlugin:org.robotlegs.patterns.plugin.type.view:IViewPlugin:addedToStage"><apiName>addedToStage</apiName><shortdesc>
		 
		 
		 </shortdesc><prolog/><apiOperationDetail><apiOperationDef><apiAccess value="public"/><apiReturn><apiType value="void"/></apiReturn><apiParam><apiItemName>stage</apiItemName><apiType value="flash.display:Stage"/><apiDesc>The <codeph>Stage</codeph> where the viewComponent is added on.
		 </apiDesc></apiParam><apiParam><apiItemName>target</apiItemName><apiType value="flash.display:DisplayObject"/><apiDesc>The viewComponent which is added on the <codeph>Stage</codeph>.
		 </apiDesc></apiParam></apiOperationDef><apiDesc>
		 
		 
		 </apiDesc></apiOperationDetail></apiOperation><apiOperation id="org.robotlegs.patterns.plugin.type.view:IViewPlugin:org.robotlegs.patterns.plugin.type.view:IViewPlugin:removedFromStage"><apiName>removedFromStage</apiName><shortdesc>
		 
		 
		 </shortdesc><prolog/><apiOperationDetail><apiOperationDef><apiAccess value="public"/><apiReturn><apiType value="void"/></apiReturn><apiParam><apiItemName>stage</apiItemName><apiType value="flash.display:Stage"/><apiDesc>The <codeph>Stage</codeph> where the viewComponent is removed from.
		 </apiDesc></apiParam><apiParam><apiItemName>target</apiItemName><apiType value="flash.display:DisplayObject"/><apiDesc>The viewComponent which is removed from the <codeph>Stage</codeph>.
		 </apiDesc></apiParam></apiOperationDef><apiDesc>
		 
		 
		 </apiDesc></apiOperationDetail></apiOperation></apiClassifier></apiPackage>