<?xml version="1.0" encoding="UTF-8"?><apiPackage id="org.robotlegs.utilities.styles.controller.install"><apiName>org.robotlegs.utilities.styles.controller.install</apiName><apiDetail/><apiClassifier id="org.robotlegs.utilities.styles.controller.install:InstallStylesCommand"><apiName>InstallStylesCommand</apiName><shortdesc>
	 Map dependencies of Styles.</shortdesc><prolog><author>r.moorman
	 </author><asMetadata/></prolog><apiClassifierDetail><apiClassifierDef><apiAccess value="public"/><apiStatic/><apiBaseClassifier>org.robotlegs.mvcs:Command</apiBaseClassifier></apiClassifierDef><apiDesc>
	 Map dependencies of <codeph>Styles</codeph>.
	 
	 <p>The following depedencies are available after executing this <codeph>Command</codeph>:</p>
	 
	 <ul>
	 	<li><codeph>IStyles</codeph></li>
	 </ul>
	 
	 </apiDesc></apiClassifierDetail><apiOperation id="org.robotlegs.utilities.styles.controller.install:InstallStylesCommand:execute"><apiName>execute</apiName><shortdesc>
		 </shortdesc><prolog/><apiOperationDetail><apiOperationDef><apiAccess value="public"/><apiIsOverride/><apiReturn><apiType value="void"/></apiReturn></apiOperationDef><apiDesc>
		 </apiDesc></apiOperationDetail><apiInheritDoc/></apiOperation><apiValue id="org.robotlegs.utilities.styles.controller.install:InstallStylesCommand:viewMap"><apiName>viewMap</apiName><shortdesc>
		 
		 </shortdesc><prolog/><apiValueDetail><apiValueDef><apiProperty/><apiAccess value="public"/><apiDynamic/><apiType value="org.robotlegs.core:IViewMap"/></apiValueDef><apiDesc>
		 
		 </apiDesc></apiValueDetail></apiValue></apiClassifier></apiPackage>