<?xml version="1.0" encoding="UTF-8"?><apiPackage id="org.robotlegs.utilities.navigator.core"><apiName>org.robotlegs.utilities.navigator.core</apiName><apiDetail/><apiClassifier id="org.robotlegs.utilities.navigator.core:INavigator"><apiName>INavigator</apiName><shortdesc>
	 Abstract INavigator interface.</shortdesc><prolog><author>r.moorman
	 </author><asMetadata/></prolog><apiClassifierDetail><apiClassifierDef><apiInterface/><apiAccess value="public"/><apiStatic/><apiBaseClassifier/></apiClassifierDef><apiDesc>
	 Abstract <codeph>INavigator</codeph> interface.
	 
	 </apiDesc></apiClassifierDetail><related-links><link href="" invalidHref="https.//github.com/moorinteractive/as3-robotlegs-library/wiki/navigator.xml"><linktext>https://github.com/moorinteractive/as3-robotlegs-library/wiki/navigator</linktext></link></related-links><apiOperation id="org.robotlegs.utilities.navigator.core:INavigator:org.robotlegs.utilities.navigator.core:INavigator:addPage"><apiName>addPage</apiName><shortdesc>
		 
		 
		 </shortdesc><prolog/><apiOperationDetail><apiOperationDef><apiAccess value="public"/><apiReturn><apiType value="void"/></apiReturn><apiParam><apiItemName>page</apiItemName><apiOperationClassifier>org.robotlegs.utilities.navigator.patterns.page:IPage</apiOperationClassifier><apiDesc>	 </apiDesc></apiParam><apiParam><apiItemName>transitionId</apiItemName><apiType value="String"/><apiData>null</apiData><apiDesc>	 </apiDesc></apiParam></apiOperationDef><apiDesc>
		 
		 
		 </apiDesc></apiOperationDetail></apiOperation><apiOperation id="org.robotlegs.utilities.navigator.core:INavigator:org.robotlegs.utilities.navigator.core:INavigator:addTransition"><apiName>addTransition</apiName><shortdesc>
		 
		 
		 </shortdesc><prolog/><apiOperationDetail><apiOperationDef><apiAccess value="public"/><apiReturn><apiType value="void"/></apiReturn><apiParam><apiItemName>id</apiItemName><apiType value="String"/><apiDesc>	 </apiDesc></apiParam><apiParam><apiItemName>transition</apiItemName><apiOperationClassifier>org.robotlegs.utilities.navigator.patterns.transition:ITransition</apiOperationClassifier><apiDesc>	 </apiDesc></apiParam><apiParam><apiItemName>isDefaultTransition</apiItemName><apiType value="Boolean"/><apiData>false</apiData><apiDesc>	 </apiDesc></apiParam></apiOperationDef><apiDesc>
		 
		 
		 </apiDesc></apiOperationDetail></apiOperation><apiOperation id="org.robotlegs.utilities.navigator.core:INavigator:org.robotlegs.utilities.navigator.core:INavigator:getPage"><apiName>getPage</apiName><shortdesc>
		 
		 
		 </shortdesc><prolog/><apiOperationDetail><apiOperationDef><apiAccess value="public"/><apiReturn><apiDesc></apiDesc><apiOperationClassifier>org.robotlegs.utilities.navigator.patterns.page:IPage</apiOperationClassifier></apiReturn><apiParam><apiItemName>name</apiItemName><apiType value="String"/><apiDesc>	 </apiDesc></apiParam></apiOperationDef><apiDesc>
		 
		 
		 </apiDesc></apiOperationDetail></apiOperation><apiOperation id="org.robotlegs.utilities.navigator.core:INavigator:org.robotlegs.utilities.navigator.core:INavigator:getTransitionByPageName"><apiName>getTransitionByPageName</apiName><shortdesc>
		 
		 
		 </shortdesc><prolog/><apiOperationDetail><apiOperationDef><apiAccess value="public"/><apiReturn><apiDesc></apiDesc><apiOperationClassifier>org.robotlegs.utilities.navigator.patterns.transition:ITransition</apiOperationClassifier></apiReturn><apiParam><apiItemName>name</apiItemName><apiType value="String"/><apiDesc>	 </apiDesc></apiParam></apiOperationDef><apiDesc>
		 
		 
		 </apiDesc></apiOperationDetail></apiOperation><apiOperation id="org.robotlegs.utilities.navigator.core:INavigator:org.robotlegs.utilities.navigator.core:INavigator:getTransition"><apiName>getTransition</apiName><shortdesc>
		 
		 
		 </shortdesc><prolog/><apiOperationDetail><apiOperationDef><apiAccess value="public"/><apiReturn><apiDesc></apiDesc><apiOperationClassifier>org.robotlegs.utilities.navigator.patterns.transition:ITransition</apiOperationClassifier></apiReturn><apiParam><apiItemName>id</apiItemName><apiType value="String"/><apiDesc>	 </apiDesc></apiParam></apiOperationDef><apiDesc>
		 
		 
		 </apiDesc></apiOperationDetail></apiOperation><apiOperation id="org.robotlegs.utilities.navigator.core:INavigator:org.robotlegs.utilities.navigator.core:INavigator:hasPage"><apiName>hasPage</apiName><shortdesc>
		 
		 
		 </shortdesc><prolog/><apiOperationDetail><apiOperationDef><apiAccess value="public"/><apiReturn><apiDesc></apiDesc><apiType value="Boolean"/></apiReturn><apiParam><apiItemName>name</apiItemName><apiType value="String"/><apiDesc>	 </apiDesc></apiParam></apiOperationDef><apiDesc>
		 
		 
		 </apiDesc></apiOperationDetail></apiOperation><apiOperation id="org.robotlegs.utilities.navigator.core:INavigator:org.robotlegs.utilities.navigator.core:INavigator:hasTransitionByPageName"><apiName>hasTransitionByPageName</apiName><shortdesc>
		 
		 
		 </shortdesc><prolog/><apiOperationDetail><apiOperationDef><apiAccess value="public"/><apiReturn><apiDesc></apiDesc><apiType value="Boolean"/></apiReturn><apiParam><apiItemName>name</apiItemName><apiType value="String"/><apiDesc>	 </apiDesc></apiParam></apiOperationDef><apiDesc>
		 
		 
		 </apiDesc></apiOperationDetail></apiOperation><apiOperation id="org.robotlegs.utilities.navigator.core:INavigator:org.robotlegs.utilities.navigator.core:INavigator:hasTransition"><apiName>hasTransition</apiName><shortdesc>
		 
		 
		 </shortdesc><prolog/><apiOperationDetail><apiOperationDef><apiAccess value="public"/><apiReturn><apiDesc></apiDesc><apiType value="Boolean"/></apiReturn><apiParam><apiItemName>id</apiItemName><apiType value="String"/><apiDesc>	 </apiDesc></apiParam></apiOperationDef><apiDesc>
		 
		 
		 </apiDesc></apiOperationDetail></apiOperation><apiOperation id="org.robotlegs.utilities.navigator.core:INavigator:org.robotlegs.utilities.navigator.core:INavigator:navigate"><apiName>navigate</apiName><shortdesc>
		 
		 </shortdesc><prolog/><apiOperationDetail><apiOperationDef><apiAccess value="public"/><apiReturn><apiDesc>
		 </apiDesc><apiType value="Boolean"/></apiReturn><apiParam><apiItemName>name</apiItemName><apiType value="String"/><apiDesc>	 </apiDesc></apiParam></apiOperationDef><apiDesc>
		 
		 </apiDesc></apiOperationDetail></apiOperation><apiOperation id="org.robotlegs.utilities.navigator.core:INavigator:org.robotlegs.utilities.navigator.core:INavigator:removePage"><apiName>removePage</apiName><shortdesc>
		 
		 
		 </shortdesc><prolog/><apiOperationDetail><apiOperationDef><apiAccess value="public"/><apiReturn><apiDesc></apiDesc><apiOperationClassifier>org.robotlegs.utilities.navigator.patterns.page:IPage</apiOperationClassifier></apiReturn><apiParam><apiItemName>name</apiItemName><apiType value="String"/><apiDesc>	 </apiDesc></apiParam></apiOperationDef><apiDesc>
		 
		 
		 </apiDesc></apiOperationDetail></apiOperation><apiOperation id="org.robotlegs.utilities.navigator.core:INavigator:org.robotlegs.utilities.navigator.core:INavigator:removeTransitionByPageName"><apiName>removeTransitionByPageName</apiName><shortdesc>
		 
		 
		 </shortdesc><prolog/><apiOperationDetail><apiOperationDef><apiAccess value="public"/><apiReturn><apiDesc></apiDesc><apiOperationClassifier>org.robotlegs.utilities.navigator.patterns.transition:ITransition</apiOperationClassifier></apiReturn><apiParam><apiItemName>name</apiItemName><apiType value="String"/><apiDesc>	 </apiDesc></apiParam></apiOperationDef><apiDesc>
		 
		 
		 </apiDesc></apiOperationDetail></apiOperation><apiOperation id="org.robotlegs.utilities.navigator.core:INavigator:org.robotlegs.utilities.navigator.core:INavigator:removeTransition"><apiName>removeTransition</apiName><shortdesc>
		 
		 
		 </shortdesc><prolog/><apiOperationDetail><apiOperationDef><apiAccess value="public"/><apiReturn><apiDesc></apiDesc><apiOperationClassifier>org.robotlegs.utilities.navigator.patterns.transition:ITransition</apiOperationClassifier></apiReturn><apiParam><apiItemName>id</apiItemName><apiType value="String"/><apiDesc>	 </apiDesc></apiParam></apiOperationDef><apiDesc>
		 
		 
		 </apiDesc></apiOperationDetail></apiOperation><apiValue id="org.robotlegs.utilities.navigator.core:INavigator:org.robotlegs.utilities.navigator.core:INavigator:choosenPage:get"><apiName>choosenPage</apiName><shortdesc>
		 
		 </shortdesc><prolog/><apiValueDetail><apiValueDef><apiProperty/><apiAccess value="public"/><apiDynamic/><apiValueAccess value="readwrite"/><apiValueClassifier>org.robotlegs.utilities.navigator.patterns.page:IPage</apiValueClassifier></apiValueDef><apiDesc>
		 
		 </apiDesc></apiValueDetail></apiValue><apiValue id="org.robotlegs.utilities.navigator.core:INavigator:org.robotlegs.utilities.navigator.core:INavigator:currentPage:get"><apiName>currentPage</apiName><shortdesc>
		 
		 </shortdesc><prolog/><apiValueDetail><apiValueDef><apiProperty/><apiAccess value="public"/><apiDynamic/><apiValueAccess value="readwrite"/><apiValueClassifier>org.robotlegs.utilities.navigator.patterns.page:IPage</apiValueClassifier></apiValueDef><apiDesc>
		 
		 </apiDesc></apiValueDetail></apiValue><apiValue id="org.robotlegs.utilities.navigator.core:INavigator:org.robotlegs.utilities.navigator.core:INavigator:defaultTransition:get"><apiName>defaultTransition</apiName><shortdesc>
		 
		 </shortdesc><prolog/><apiValueDetail><apiValueDef><apiProperty/><apiAccess value="public"/><apiDynamic/><apiValueAccess value="readwrite"/><apiValueClassifier>org.robotlegs.utilities.navigator.patterns.transition:ITransition</apiValueClassifier></apiValueDef><apiDesc>
		 
		 </apiDesc></apiValueDetail></apiValue><apiValue id="org.robotlegs.utilities.navigator.core:INavigator:org.robotlegs.utilities.navigator.core:INavigator:lockLayersWhileTransitioning:get"><apiName>lockLayersWhileTransitioning</apiName><shortdesc>
		 
		 </shortdesc><prolog/><apiValueDetail><apiValueDef><apiProperty/><apiAccess value="public"/><apiDynamic/><apiValueAccess value="readwrite"/><apiType value="Boolean"/></apiValueDef><apiDesc>
		 
		 </apiDesc></apiValueDetail></apiValue><apiValue id="org.robotlegs.utilities.navigator.core:INavigator:org.robotlegs.utilities.navigator.core:INavigator:transitioning:get"><apiName>transitioning</apiName><shortdesc>
		 
		 </shortdesc><prolog/><apiValueDetail><apiValueDef><apiProperty/><apiAccess value="public"/><apiDynamic/><apiValueAccess value="readwrite"/><apiType value="Boolean"/></apiValueDef><apiDesc>
		 
		 </apiDesc></apiValueDetail></apiValue></apiClassifier><apiClassifier id="org.robotlegs.utilities.navigator.core:Navigator"><apiName>Navigator</apiName><shortdesc>
	 Abstract Navigator implementation.</shortdesc><prolog><author>r.moorman
	 </author><asMetadata/></prolog><apiClassifierDetail><apiClassifierDef><apiAccess value="public"/><apiStatic/><apiBaseInterface>org.robotlegs.utilities.navigator.core:INavigator</apiBaseInterface><apiBaseClassifier>org.robotlegs.mvcs:Actor</apiBaseClassifier></apiClassifierDef><apiDesc>
	 Abstract <codeph>Navigator</codeph> implementation.
	 
	 </apiDesc></apiClassifierDetail><related-links><link href="" invalidHref="https.//github.com/moorinteractive/as3-robotlegs-library/wiki/navigator.xml"><linktext>https://github.com/moorinteractive/as3-robotlegs-library/wiki/navigator</linktext></link></related-links><apiConstructor id="org.robotlegs.utilities.navigator.core:Navigator:Navigator"><apiName>Navigator</apiName><shortdesc>
		 Constructor.</shortdesc><prolog/><apiConstructorDetail><apiConstructorDef><apiAccess value="public"/></apiConstructorDef><apiDesc>
		 Constructor.
		 </apiDesc></apiConstructorDetail></apiConstructor><apiOperation id="org.robotlegs.utilities.navigator.core:Navigator:addPage"><apiName>addPage</apiName><shortdesc conref="org.robotlegs.utilities.navigator.core.INavigator.addPage()">
		 </shortdesc><prolog/><apiOperationDetail><apiOperationDef><apiAccess value="public"/><apiReturn><apiType value="void"/></apiReturn><apiParam><apiItemName>page</apiItemName><apiOperationClassifier>org.robotlegs.utilities.navigator.patterns.page:IPage</apiOperationClassifier></apiParam><apiParam><apiItemName>transitionId</apiItemName><apiType value="String"/><apiData>null</apiData></apiParam></apiOperationDef><apiDesc conref="org.robotlegs.utilities.navigator.core.INavigator.addPage()">
		 </apiDesc></apiOperationDetail></apiOperation><apiOperation id="org.robotlegs.utilities.navigator.core:Navigator:addTransition"><apiName>addTransition</apiName><shortdesc conref="org.robotlegs.utilities.navigator.core.INavigator.addTransition()">
		 </shortdesc><prolog/><apiOperationDetail><apiOperationDef><apiAccess value="public"/><apiReturn><apiType value="void"/></apiReturn><apiParam><apiItemName>id</apiItemName><apiType value="String"/></apiParam><apiParam><apiItemName>transition</apiItemName><apiOperationClassifier>org.robotlegs.utilities.navigator.patterns.transition:ITransition</apiOperationClassifier></apiParam><apiParam><apiItemName>isDefaultTransition</apiItemName><apiType value="Boolean"/><apiData>false</apiData></apiParam></apiOperationDef><apiDesc conref="org.robotlegs.utilities.navigator.core.INavigator.addTransition()">
		 </apiDesc></apiOperationDetail></apiOperation><apiOperation id="org.robotlegs.utilities.navigator.core:Navigator:getPage"><apiName>getPage</apiName><shortdesc conref="org.robotlegs.utilities.navigator.core.INavigator.getPage()">
		 </shortdesc><prolog/><apiOperationDetail><apiOperationDef><apiAccess value="public"/><apiReturn><apiOperationClassifier>org.robotlegs.utilities.navigator.patterns.page:IPage</apiOperationClassifier></apiReturn><apiParam><apiItemName>name</apiItemName><apiType value="String"/></apiParam></apiOperationDef><apiDesc conref="org.robotlegs.utilities.navigator.core.INavigator.getPage()">
		 </apiDesc></apiOperationDetail></apiOperation><apiOperation id="org.robotlegs.utilities.navigator.core:Navigator:getTransitionByPageName"><apiName>getTransitionByPageName</apiName><shortdesc conref="org.robotlegs.utilities.navigator.core.INavigator.getTransitionByPageName()">
		 </shortdesc><prolog/><apiOperationDetail><apiOperationDef><apiAccess value="public"/><apiReturn><apiOperationClassifier>org.robotlegs.utilities.navigator.patterns.transition:ITransition</apiOperationClassifier></apiReturn><apiParam><apiItemName>name</apiItemName><apiType value="String"/></apiParam></apiOperationDef><apiDesc conref="org.robotlegs.utilities.navigator.core.INavigator.getTransitionByPageName()">
		 </apiDesc></apiOperationDetail></apiOperation><apiOperation id="org.robotlegs.utilities.navigator.core:Navigator:getTransition"><apiName>getTransition</apiName><shortdesc conref="org.robotlegs.utilities.navigator.core.INavigator.getTransition()">
		 </shortdesc><prolog/><apiOperationDetail><apiOperationDef><apiAccess value="public"/><apiReturn><apiOperationClassifier>org.robotlegs.utilities.navigator.patterns.transition:ITransition</apiOperationClassifier></apiReturn><apiParam><apiItemName>id</apiItemName><apiType value="String"/></apiParam></apiOperationDef><apiDesc conref="org.robotlegs.utilities.navigator.core.INavigator.getTransition()">
		 </apiDesc></apiOperationDetail></apiOperation><apiOperation id="org.robotlegs.utilities.navigator.core:Navigator:hasPage"><apiName>hasPage</apiName><shortdesc conref="org.robotlegs.utilities.navigator.core.INavigator.hasPage()">
		 </shortdesc><prolog/><apiOperationDetail><apiOperationDef><apiAccess value="public"/><apiReturn><apiType value="Boolean"/></apiReturn><apiParam><apiItemName>name</apiItemName><apiType value="String"/></apiParam></apiOperationDef><apiDesc conref="org.robotlegs.utilities.navigator.core.INavigator.hasPage()">
		 </apiDesc></apiOperationDetail></apiOperation><apiOperation id="org.robotlegs.utilities.navigator.core:Navigator:hasTransitionByPageName"><apiName>hasTransitionByPageName</apiName><shortdesc conref="org.robotlegs.utilities.navigator.core.INavigator.hasTransitionByPageName()">
		 </shortdesc><prolog/><apiOperationDetail><apiOperationDef><apiAccess value="public"/><apiReturn><apiType value="Boolean"/></apiReturn><apiParam><apiItemName>name</apiItemName><apiType value="String"/></apiParam></apiOperationDef><apiDesc conref="org.robotlegs.utilities.navigator.core.INavigator.hasTransitionByPageName()">
		 </apiDesc></apiOperationDetail></apiOperation><apiOperation id="org.robotlegs.utilities.navigator.core:Navigator:hasTransition"><apiName>hasTransition</apiName><shortdesc conref="org.robotlegs.utilities.navigator.core.INavigator.hasTransition()">
		 </shortdesc><prolog/><apiOperationDetail><apiOperationDef><apiAccess value="public"/><apiReturn><apiType value="Boolean"/></apiReturn><apiParam><apiItemName>id</apiItemName><apiType value="String"/></apiParam></apiOperationDef><apiDesc conref="org.robotlegs.utilities.navigator.core.INavigator.hasTransition()">
		 </apiDesc></apiOperationDetail></apiOperation><apiOperation id="org.robotlegs.utilities.navigator.core:Navigator:navigate"><apiName>navigate</apiName><shortdesc conref="org.robotlegs.utilities.navigator.core.INavigator.navigate()">
		 </shortdesc><prolog/><apiOperationDetail><apiOperationDef><apiAccess value="public"/><apiReturn><apiType value="Boolean"/></apiReturn><apiParam><apiItemName>name</apiItemName><apiType value="String"/></apiParam></apiOperationDef><apiDesc conref="org.robotlegs.utilities.navigator.core.INavigator.navigate()">
		 </apiDesc></apiOperationDetail></apiOperation><apiOperation id="org.robotlegs.utilities.navigator.core:Navigator:removePage"><apiName>removePage</apiName><shortdesc conref="org.robotlegs.utilities.navigator.core.INavigator.removePage()">
		 </shortdesc><prolog/><apiOperationDetail><apiOperationDef><apiAccess value="public"/><apiReturn><apiOperationClassifier>org.robotlegs.utilities.navigator.patterns.page:IPage</apiOperationClassifier></apiReturn><apiParam><apiItemName>name</apiItemName><apiType value="String"/></apiParam></apiOperationDef><apiDesc conref="org.robotlegs.utilities.navigator.core.INavigator.removePage()">
		 </apiDesc></apiOperationDetail></apiOperation><apiOperation id="org.robotlegs.utilities.navigator.core:Navigator:removeTransitionByPageName"><apiName>removeTransitionByPageName</apiName><shortdesc conref="org.robotlegs.utilities.navigator.core.INavigator.removeTransitionByPageName()">
		 </shortdesc><prolog/><apiOperationDetail><apiOperationDef><apiAccess value="public"/><apiReturn><apiOperationClassifier>org.robotlegs.utilities.navigator.patterns.transition:ITransition</apiOperationClassifier></apiReturn><apiParam><apiItemName>name</apiItemName><apiType value="String"/></apiParam></apiOperationDef><apiDesc conref="org.robotlegs.utilities.navigator.core.INavigator.removeTransitionByPageName()">
		 </apiDesc></apiOperationDetail></apiOperation><apiOperation id="org.robotlegs.utilities.navigator.core:Navigator:removeTransition"><apiName>removeTransition</apiName><shortdesc conref="org.robotlegs.utilities.navigator.core.INavigator.removeTransition()">
		 </shortdesc><prolog/><apiOperationDetail><apiOperationDef><apiAccess value="public"/><apiReturn><apiOperationClassifier>org.robotlegs.utilities.navigator.patterns.transition:ITransition</apiOperationClassifier></apiReturn><apiParam><apiItemName>id</apiItemName><apiType value="String"/></apiParam></apiOperationDef><apiDesc conref="org.robotlegs.utilities.navigator.core.INavigator.removeTransition()">
		 </apiDesc></apiOperationDetail></apiOperation><apiValue id="org.robotlegs.utilities.navigator.core:Navigator:choosenPage:get"><apiName>choosenPage</apiName><shortdesc conref="org.robotlegs.utilities.navigator.core.INavigator.choosenPage">
		 </shortdesc><prolog/><apiValueDetail><apiValueDef><apiProperty/><apiAccess value="public"/><apiDynamic/><apiValueAccess value="readwrite"/><apiValueClassifier>org.robotlegs.utilities.navigator.patterns.page:IPage</apiValueClassifier></apiValueDef><apiDesc conref="org.robotlegs.utilities.navigator.core.INavigator.choosenPage">
		 </apiDesc></apiValueDetail></apiValue><apiValue id="org.robotlegs.utilities.navigator.core:Navigator:currentPage:get"><apiName>currentPage</apiName><shortdesc conref="org.robotlegs.utilities.navigator.core.INavigator.currentPage">
		 </shortdesc><prolog/><apiValueDetail><apiValueDef><apiProperty/><apiAccess value="public"/><apiDynamic/><apiValueAccess value="readwrite"/><apiValueClassifier>org.robotlegs.utilities.navigator.patterns.page:IPage</apiValueClassifier></apiValueDef><apiDesc conref="org.robotlegs.utilities.navigator.core.INavigator.currentPage">
		 </apiDesc></apiValueDetail></apiValue><apiValue id="org.robotlegs.utilities.navigator.core:Navigator:defaultTransition:get"><apiName>defaultTransition</apiName><shortdesc conref="org.robotlegs.utilities.navigator.core.INavigator.defaultTransition">
		 </shortdesc><prolog/><apiValueDetail><apiValueDef><apiProperty/><apiAccess value="public"/><apiDynamic/><apiValueAccess value="readwrite"/><apiValueClassifier>org.robotlegs.utilities.navigator.patterns.transition:ITransition</apiValueClassifier></apiValueDef><apiDesc conref="org.robotlegs.utilities.navigator.core.INavigator.defaultTransition">
		 </apiDesc></apiValueDetail></apiValue><apiValue id="org.robotlegs.utilities.navigator.core:Navigator:lockLayersWhileTransitioning:get"><apiName>lockLayersWhileTransitioning</apiName><shortdesc conref="org.robotlegs.utilities.navigator.core.INavigator.lockLayersWhileTransitioning">
		 </shortdesc><prolog/><apiValueDetail><apiValueDef><apiProperty/><apiAccess value="public"/><apiDynamic/><apiValueAccess value="readwrite"/><apiType value="Boolean"/></apiValueDef><apiDesc conref="org.robotlegs.utilities.navigator.core.INavigator.lockLayersWhileTransitioning">
		 </apiDesc></apiValueDetail></apiValue><apiValue id="org.robotlegs.utilities.navigator.core:Navigator:transitioning:get"><apiName>transitioning</apiName><shortdesc conref="org.robotlegs.utilities.navigator.core.INavigator.transitioning">
		 </shortdesc><prolog/><apiValueDetail><apiValueDef><apiProperty/><apiAccess value="public"/><apiDynamic/><apiValueAccess value="readwrite"/><apiType value="Boolean"/></apiValueDef><apiDesc conref="org.robotlegs.utilities.navigator.core.INavigator.transitioning">
		 </apiDesc></apiValueDetail></apiValue></apiClassifier></apiPackage>