<?xml version="1.0" encoding="UTF-8"?><apiPackage id="org.robotlegs.utilities.navigator.patterns.page"><apiName>org.robotlegs.utilities.navigator.patterns.page</apiName><apiDetail/><apiClassifier id="org.robotlegs.utilities.navigator.patterns.page:Page"><apiName>Page</apiName><shortdesc>
	 Abstract Page implementation.</shortdesc><prolog><author>r.moorman
	 </author><asMetadata/></prolog><apiClassifierDetail><apiClassifierDef><apiAccess value="public"/><apiStatic/><apiBaseInterface>org.robotlegs.utilities.navigator.patterns.page:IPage</apiBaseInterface><apiBaseClassifier>flash.display:Sprite</apiBaseClassifier></apiClassifierDef><apiDesc>
	 Abstract <codeph>Page</codeph> implementation.
	 
	 </apiDesc></apiClassifierDetail><apiConstructor id="org.robotlegs.utilities.navigator.patterns.page:Page:Page"><apiName>Page</apiName><shortdesc>
		 Constructor.</shortdesc><prolog/><apiConstructorDetail><apiConstructorDef><apiAccess value="public"/><apiParam><apiItemName>name</apiItemName><apiType value="String"/></apiParam></apiConstructorDef><apiDesc>
		 Constructor.
		 </apiDesc></apiConstructorDetail></apiConstructor><apiOperation id="org.robotlegs.utilities.navigator.patterns.page:Page:reset"><apiName>reset</apiName><shortdesc conref="org.robotlegs.utilities.navigator.patterns.page.IPage.reset()">
		 </shortdesc><prolog/><apiOperationDetail><apiOperationDef><apiAccess value="public"/><apiReturn><apiType value="void"/></apiReturn></apiOperationDef><apiDesc conref="org.robotlegs.utilities.navigator.patterns.page.IPage.reset()">
		 </apiDesc></apiOperationDetail></apiOperation><apiValue id="org.robotlegs.utilities.navigator.patterns.page:Page:content:get"><apiName>content</apiName><shortdesc conref="org.robotlegs.utilities.navigator.patterns.page.IPage.content">
		 </shortdesc><prolog/><apiValueDetail><apiValueDef><apiProperty/><apiAccess value="public"/><apiDynamic/><apiValueAccess value="read"/><apiType value="flash.display:DisplayObject"/></apiValueDef><apiDesc conref="org.robotlegs.utilities.navigator.patterns.page.IPage.content">
		 </apiDesc></apiValueDetail></apiValue></apiClassifier><apiClassifier id="org.robotlegs.utilities.navigator.patterns.page:IPage"><apiName>IPage</apiName><shortdesc>
	 Abstract IPage interface.</shortdesc><prolog><author>r.moorman
	 </author><asMetadata/></prolog><apiClassifierDetail><apiClassifierDef><apiInterface/><apiAccess value="public"/><apiStatic/><apiBaseClassifier/></apiClassifierDef><apiDesc>
	 Abstract <codeph>IPage</codeph> interface.
	 
	 </apiDesc></apiClassifierDetail><apiOperation id="org.robotlegs.utilities.navigator.patterns.page:IPage:org.robotlegs.utilities.navigator.patterns.page:IPage:reset"><apiName>reset</apiName><shortdesc>
		 
		 </shortdesc><prolog/><apiOperationDetail><apiOperationDef><apiAccess value="public"/><apiReturn><apiType value="void"/></apiReturn></apiOperationDef><apiDesc>
		 
		 </apiDesc></apiOperationDetail></apiOperation><apiValue id="org.robotlegs.utilities.navigator.patterns.page:IPage:org.robotlegs.utilities.navigator.patterns.page:IPage:content:get"><apiName>content</apiName><shortdesc>
		 
		 </shortdesc><prolog/><apiValueDetail><apiValueDef><apiProperty/><apiAccess value="public"/><apiDynamic/><apiValueAccess value="read"/><apiType value="flash.display:DisplayObject"/></apiValueDef><apiDesc>
		 
		 </apiDesc></apiValueDetail></apiValue><apiValue id="org.robotlegs.utilities.navigator.patterns.page:IPage:org.robotlegs.utilities.navigator.patterns.page:IPage:name:get"><apiName>name</apiName><shortdesc>
		 
		 </shortdesc><prolog/><apiValueDetail><apiValueDef><apiProperty/><apiAccess value="public"/><apiDynamic/><apiValueAccess value="read"/><apiType value="String"/></apiValueDef><apiDesc>
		 
		 </apiDesc></apiValueDetail></apiValue></apiClassifier></apiPackage>