<?xml version="1.0" encoding="UTF-8"?><apiPackage id="org.robotlegs.core"><apiName>org.robotlegs.core</apiName><apiDetail/><apiClassifier id="org.robotlegs.core:IASyncCommand"><apiName>IASyncCommand</apiName><shortdesc>
	 Abstract IASyncCommand interface.</shortdesc><prolog><author>r.moorman
	 https://github.com/moorinteractive/as3-robotlegs-library/wiki/asyncmacrocommand
	 </author><asMetadata/></prolog><apiClassifierDetail><apiClassifierDef><apiInterface/><apiAccess value="public"/><apiStatic/><apiBaseClassifier/></apiClassifierDef><apiDesc>
	 Abstract <codeph>IASyncCommand</codeph> interface.
	 
	 </apiDesc></apiClassifierDetail><apiOperation id="org.robotlegs.core:IASyncCommand:org.robotlegs.core:IASyncCommand:setOnComplete"><apiName>setOnComplete</apiName><shortdesc>
		 
		 
		 </shortdesc><prolog/><apiOperationDetail><apiOperationDef><apiAccess value="public"/><apiReturn><apiType value="void"/></apiReturn><apiParam><apiItemName>value</apiItemName><apiType value="Function"/><apiDesc>	 </apiDesc></apiParam></apiOperationDef><apiDesc>
		 
		 
		 </apiDesc></apiOperationDetail></apiOperation></apiClassifier><apiClassifier id="org.robotlegs.core:IPluginMap"><apiName>IPluginMap</apiName><shortdesc>
	 The interface definition for PluginMap.</shortdesc><prolog><author>r.moorman
	 </author><asMetadata/></prolog><apiClassifierDetail><apiClassifierDef><apiInterface/><apiAccess value="public"/><apiStatic/><apiBaseClassifier/></apiClassifierDef><apiDesc>
	 The interface definition for <codeph>PluginMap</codeph>.
	 
	 </apiDesc></apiClassifierDetail><apiOperation id="org.robotlegs.core:IPluginMap:org.robotlegs.core:IPluginMap:addPlugin"><apiName>addPlugin</apiName><shortdesc>
		 Add a plugin for automatic operations.</shortdesc><prolog/><apiOperationDetail><apiOperationDef><apiAccess value="public"/><apiReturn><apiType value="void"/></apiReturn><apiParam><apiItemName>plugin</apiItemName><apiOperationClassifier>org.robotlegs.patterns.plugin:IPlugin</apiOperationClassifier><apiDesc>An instance of a plugin.
		 
		 </apiDesc></apiParam></apiOperationDef><apiDesc>
		 Add a plugin for automatic operations.
		 
		 <p>Available types of plugins:</p>
		 
		 <ul>
		 	<li><codeph>IPlugin</codeph></li>
		 	<li><codeph>IViewPlugin</codeph></li>
		 </ul>
		 
		 <p><codeph>PluginMap</codeph> comes with some pre-programmed plugins:</p>
		 
		 <ul>
		 	<li><codeph>DeallocPlugin</codeph></li>
		 	<li><codeph>ResizePlugin</codeph></li>
		 </ul>
		 
		 </apiDesc></apiOperationDetail><related-links><link href="org.robotlegs.patterns.plugin.xml#Plugin"><linktext>org.robotlegs.patterns.plugin.Plugin</linktext></link><link href="org.robotlegs.patterns.plugin.type.view.xml#ViewPlugin"><linktext>org.robotlegs.patterns.plugin.type.view.ViewPlugin</linktext></link><link href="org.robotlegs.patterns.plugin.type.view.dealloc.xml#DeallocPlugin"><linktext>org.robotlegs.patterns.plugin.type.view.dealloc.DeallocPlugin</linktext></link><link href="org.robotlegs.patterns.plugin.type.view.resize.xml#ResizePlugin"><linktext>org.robotlegs.patterns.plugin.type.view.resize.ResizePlugin</linktext></link></related-links></apiOperation><apiOperation id="org.robotlegs.core:IPluginMap:org.robotlegs.core:IPluginMap:hasPlugin"><apiName>hasPlugin</apiName><shortdesc>
		 Determine is a plugin is available.</shortdesc><prolog/><apiOperationDetail><apiOperationDef><apiAccess value="public"/><apiReturn><apiDesc>
		 </apiDesc><apiType value="Boolean"/></apiReturn><apiParam><apiItemName>pluginClass</apiItemName><apiType value="Class"/><apiDesc>The <codeph>Class</codeph> type of the plugin.
		 </apiDesc></apiParam></apiOperationDef><apiDesc>
		 Determine is a plugin is available.
		 
		 </apiDesc></apiOperationDetail></apiOperation><apiOperation id="org.robotlegs.core:IPluginMap:org.robotlegs.core:IPluginMap:removePlugin"><apiName>removePlugin</apiName><shortdesc>
		 Remove a plugin.</shortdesc><prolog/><apiOperationDetail><apiOperationDef><apiAccess value="public"/><apiReturn><apiType value="void"/></apiReturn><apiParam><apiItemName>pluginClass</apiItemName><apiType value="Class"/><apiDesc>The <codeph>Class</codeph> type of the plugin.
		 </apiDesc></apiParam></apiOperationDef><apiDesc>
		 Remove a plugin.
		 
		 </apiDesc></apiOperationDetail></apiOperation></apiClassifier></apiPackage>