<?xml version="1.0" encoding="UTF-8"?>
<allClasses>
   <apiPackage id="com.asual.swfaddress">
      <apiName>com.asual.swfaddress</apiName>
      <apiClassifier id="com.asual.swfaddress:SWFAddress">
         <apiName>SWFAddress</apiName>
         <apiClassifierDetail>
            <apiClassifierDef>
               <apiAccess value="public"/>
               <apiStatic/>
               <apiBaseClassifier>Object</apiBaseClassifier>
            </apiClassifierDef>
         </apiClassifierDetail>
         <prolog>
            <asMetadata/>
         </prolog>
      </apiClassifier>
      <apiClassifier id="com.asual.swfaddress:SWFAddressEvent">
         <apiName>SWFAddressEvent</apiName>
         <apiClassifierDetail>
            <apiClassifierDef>
               <apiAccess value="public"/>
               <apiStatic/>
               <apiBaseClassifier>flash.events:Event</apiBaseClassifier>
            </apiClassifierDef>
         </apiClassifierDetail>
         <prolog>
            <asMetadata/>
         </prolog>
      </apiClassifier>
   </apiPackage>
   <apiPackage id="org.robotlegs.adapters">
      <apiName>org.robotlegs.adapters</apiName>
      <apiClassifier id="org.robotlegs.adapters:ExtendedInjector">
         <apiName>ExtendedInjector</apiName>
         <apiClassifierDetail>
            <apiClassifierDef>
               <apiAccess value="public"/>
               <apiStatic/>
               <apiBaseClassifier>org.robotlegs.adapters:SwiftSuspendersInjector</apiBaseClassifier>
            </apiClassifierDef>
         </apiClassifierDetail>
         <prolog>
            <asMetadata/>
         </prolog>
      </apiClassifier>
   </apiPackage>
   <apiPackage id="org.robotlegs.base">
      <apiName>org.robotlegs.base</apiName>
      <apiClassifier id="org.robotlegs.base:PluginMap">
         <apiName>PluginMap</apiName>
         <apiClassifierDetail>
            <apiClassifierDef>
               <apiAccess value="public"/>
               <apiStatic/>
               <apiBaseInterface>org.robotlegs.core:IPluginMap</apiBaseInterface>
               <apiBaseClassifier>org.robotlegs.base:ViewMapBase</apiBaseClassifier>
            </apiClassifierDef>
         </apiClassifierDetail>
         <prolog>
            <asMetadata/>
         </prolog>
      </apiClassifier>
   </apiPackage>
   <apiPackage id="org.robotlegs.core">
      <apiName>org.robotlegs.core</apiName>
      <apiClassifier id="org.robotlegs.core:IASyncCommand">
         <apiName>IASyncCommand</apiName>
         <apiClassifierDetail>
            <apiClassifierDef>
               <apiInterface/>
               <apiAccess value="public"/>
               <apiStatic/>
               <apiBaseClassifier/>
            </apiClassifierDef>
         </apiClassifierDetail>
         <prolog>
            <asMetadata/>
         </prolog>
      </apiClassifier>
      <apiClassifier id="org.robotlegs.core:IPluginMap">
         <apiName>IPluginMap</apiName>
         <apiClassifierDetail>
            <apiClassifierDef>
               <apiInterface/>
               <apiAccess value="public"/>
               <apiStatic/>
               <apiBaseClassifier/>
            </apiClassifierDef>
         </apiClassifierDetail>
         <prolog>
            <asMetadata/>
         </prolog>
      </apiClassifier>
   </apiPackage>
   <apiPackage id="org.robotlegs.mvcs">
      <apiName>org.robotlegs.mvcs</apiName>
      <apiClassifier id="org.robotlegs.mvcs:ASyncMacroCommand">
         <apiName>ASyncMacroCommand</apiName>
         <apiClassifierDetail>
            <apiClassifierDef>
               <apiAccess value="public"/>
               <apiStatic/>
               <apiBaseInterface>org.robotlegs.core:IASyncCommand</apiBaseInterface>
               <apiBaseClassifier>org.robotlegs.mvcs:Command</apiBaseClassifier>
            </apiClassifierDef>
         </apiClassifierDetail>
         <prolog>
            <asMetadata/>
         </prolog>
      </apiClassifier>
      <apiClassifier id="org.robotlegs.mvcs:MacroCommand">
         <apiName>MacroCommand</apiName>
         <apiClassifierDetail>
            <apiClassifierDef>
               <apiAccess value="public"/>
               <apiStatic/>
               <apiBaseClassifier>org.robotlegs.mvcs:Command</apiBaseClassifier>
            </apiClassifierDef>
         </apiClassifierDetail>
         <prolog>
            <asMetadata/>
         </prolog>
      </apiClassifier>
      <apiClassifier id="org.robotlegs.mvcs:ASyncCommand">
         <apiName>ASyncCommand</apiName>
         <apiClassifierDetail>
            <apiClassifierDef>
               <apiAccess value="public"/>
               <apiStatic/>
               <apiBaseInterface>org.robotlegs.core:IASyncCommand</apiBaseInterface>
               <apiBaseClassifier>org.robotlegs.mvcs:Command</apiBaseClassifier>
            </apiClassifierDef>
         </apiClassifierDetail>
         <prolog>
            <asMetadata/>
         </prolog>
      </apiClassifier>
      <apiClassifier id="org.robotlegs.mvcs:ExtendedContext">
         <apiName>ExtendedContext</apiName>
         <apiClassifierDetail>
            <apiClassifierDef>
               <apiAccess value="public"/>
               <apiStatic/>
               <apiBaseClassifier>org.robotlegs.mvcs:Context</apiBaseClassifier>
            </apiClassifierDef>
         </apiClassifierDetail>
         <prolog>
            <asMetadata/>
         </prolog>
      </apiClassifier>
   </apiPackage>
   <apiPackage id="org.robotlegs.patterns.plugin.type.view.dealloc">
      <apiName>org.robotlegs.patterns.plugin.type.view.dealloc</apiName>
      <apiClassifier id="org.robotlegs.patterns.plugin.type.view.dealloc:IDealloc">
         <apiName>IDealloc</apiName>
         <apiClassifierDetail>
            <apiClassifierDef>
               <apiInterface/>
               <apiAccess value="public"/>
               <apiStatic/>
               <apiBaseClassifier/>
            </apiClassifierDef>
         </apiClassifierDetail>
         <prolog>
            <asMetadata/>
         </prolog>
      </apiClassifier>
      <apiClassifier id="org.robotlegs.patterns.plugin.type.view.dealloc:DeallocPlugin">
         <apiName>DeallocPlugin</apiName>
         <apiClassifierDetail>
            <apiClassifierDef>
               <apiAccess value="public"/>
               <apiStatic/>
               <apiBaseInterface>org.robotlegs.patterns.plugin.type.view:IViewPlugin</apiBaseInterface>
               <apiBaseClassifier>Object</apiBaseClassifier>
            </apiClassifierDef>
         </apiClassifierDetail>
         <prolog>
            <asMetadata/>
         </prolog>
      </apiClassifier>
   </apiPackage>
   <apiPackage id="org.robotlegs.patterns.plugin.type.view.resize">
      <apiName>org.robotlegs.patterns.plugin.type.view.resize</apiName>
      <apiClassifier id="org.robotlegs.patterns.plugin.type.view.resize:IResize">
         <apiName>IResize</apiName>
         <apiClassifierDetail>
            <apiClassifierDef>
               <apiInterface/>
               <apiAccess value="public"/>
               <apiStatic/>
               <apiBaseClassifier/>
            </apiClassifierDef>
         </apiClassifierDetail>
         <prolog>
            <asMetadata/>
         </prolog>
      </apiClassifier>
      <apiClassifier id="org.robotlegs.patterns.plugin.type.view.resize:ResizePlugin">
         <apiName>ResizePlugin</apiName>
         <apiClassifierDetail>
            <apiClassifierDef>
               <apiAccess value="public"/>
               <apiStatic/>
               <apiBaseInterface>org.robotlegs.patterns.plugin.type.view:IViewPlugin</apiBaseInterface>
               <apiBaseClassifier>Object</apiBaseClassifier>
            </apiClassifierDef>
         </apiClassifierDetail>
         <prolog>
            <asMetadata/>
         </prolog>
      </apiClassifier>
   </apiPackage>
   <apiPackage id="org.robotlegs.patterns.plugin.type.view">
      <apiName>org.robotlegs.patterns.plugin.type.view</apiName>
      <apiClassifier id="org.robotlegs.patterns.plugin.type.view:ViewPlugin">
         <apiName>ViewPlugin</apiName>
         <apiClassifierDetail>
            <apiClassifierDef>
               <apiAccess value="public"/>
               <apiStatic/>
               <apiBaseInterface>org.robotlegs.patterns.plugin:IPlugin</apiBaseInterface>
               <apiBaseClassifier>Object</apiBaseClassifier>
            </apiClassifierDef>
         </apiClassifierDetail>
         <prolog>
            <asMetadata/>
         </prolog>
      </apiClassifier>
      <apiClassifier id="org.robotlegs.patterns.plugin.type.view:IViewPlugin">
         <apiName>IViewPlugin</apiName>
         <apiClassifierDetail>
            <apiClassifierDef>
               <apiInterface/>
               <apiAccess value="public"/>
               <apiStatic/>
               <apiBaseInterface>org.robotlegs.patterns.plugin:IPlugin</apiBaseInterface>
               <apiBaseClassifier/>
            </apiClassifierDef>
         </apiClassifierDetail>
         <prolog>
            <asMetadata/>
         </prolog>
      </apiClassifier>
   </apiPackage>
   <apiPackage id="org.robotlegs.patterns.plugin">
      <apiName>org.robotlegs.patterns.plugin</apiName>
      <apiClassifier id="org.robotlegs.patterns.plugin:IPlugin">
         <apiName>IPlugin</apiName>
         <apiClassifierDetail>
            <apiClassifierDef>
               <apiInterface/>
               <apiAccess value="public"/>
               <apiStatic/>
               <apiBaseClassifier/>
            </apiClassifierDef>
         </apiClassifierDetail>
         <prolog>
            <asMetadata/>
         </prolog>
      </apiClassifier>
      <apiClassifier id="org.robotlegs.patterns.plugin:Plugin">
         <apiName>Plugin</apiName>
         <apiClassifierDetail>
            <apiClassifierDef>
               <apiAccess value="public"/>
               <apiStatic/>
               <apiBaseInterface>org.robotlegs.patterns.plugin:IPlugin</apiBaseInterface>
               <apiBaseClassifier>Object</apiBaseClassifier>
            </apiClassifierDef>
         </apiClassifierDetail>
         <prolog>
            <asMetadata/>
         </prolog>
      </apiClassifier>
   </apiPackage>
   <apiPackage id="org.robotlegs.utilities.assetloader.controller.install">
      <apiName>org.robotlegs.utilities.assetloader.controller.install</apiName>
      <apiClassifier id="org.robotlegs.utilities.assetloader.controller.install:InstallAssetLoaderCommand">
         <apiName>InstallAssetLoaderCommand</apiName>
         <apiClassifierDetail>
            <apiClassifierDef>
               <apiAccess value="public"/>
               <apiStatic/>
               <apiBaseClassifier>org.robotlegs.mvcs:Command</apiBaseClassifier>
            </apiClassifierDef>
         </apiClassifierDetail>
         <prolog>
            <asMetadata/>
         </prolog>
      </apiClassifier>
   </apiPackage>
   <apiPackage id="org.robotlegs.utilities.assetloader.core">
      <apiName>org.robotlegs.utilities.assetloader.core</apiName>
      <apiClassifier id="org.robotlegs.utilities.assetloader.core:IAssetLoader">
         <apiName>IAssetLoader</apiName>
         <apiClassifierDetail>
            <apiClassifierDef>
               <apiInterface/>
               <apiAccess value="public"/>
               <apiStatic/>
               <apiBaseClassifier/>
            </apiClassifierDef>
         </apiClassifierDetail>
         <prolog>
            <asMetadata/>
         </prolog>
      </apiClassifier>
      <apiClassifier id="org.robotlegs.utilities.assetloader.core:AssetLoader">
         <apiName>AssetLoader</apiName>
         <apiClassifierDetail>
            <apiClassifierDef>
               <apiAccess value="public"/>
               <apiStatic/>
               <apiBaseInterface>org.robotlegs.utilities.assetloader.core:IAssetLoader</apiBaseInterface>
               <apiBaseClassifier>Object</apiBaseClassifier>
            </apiClassifierDef>
         </apiClassifierDetail>
         <prolog>
            <asMetadata/>
         </prolog>
      </apiClassifier>
      <apiClassifier id="org.robotlegs.utilities.assetloader.core:AssetLoaderState">
         <apiName>AssetLoaderState</apiName>
         <apiClassifierDetail>
            <apiClassifierDef>
               <apiAccess value="public"/>
               <apiStatic/>
               <apiBaseClassifier>Object</apiBaseClassifier>
            </apiClassifierDef>
         </apiClassifierDetail>
         <prolog>
            <asMetadata/>
         </prolog>
      </apiClassifier>
   </apiPackage>
   <apiPackage id="org.robotlegs.utilities.assetloader.error">
      <apiName>org.robotlegs.utilities.assetloader.error</apiName>
      <apiClassifier id="org.robotlegs.utilities.assetloader.error:AssetLoaderError">
         <apiName>AssetLoaderError</apiName>
         <apiClassifierDetail>
            <apiClassifierDef>
               <apiAccess value="public"/>
               <apiStatic/>
               <apiBaseClassifier>Error</apiBaseClassifier>
            </apiClassifierDef>
         </apiClassifierDetail>
         <prolog>
            <asMetadata/>
         </prolog>
      </apiClassifier>
   </apiPackage>
   <apiPackage id="org.robotlegs.utilities.assetloader.events">
      <apiName>org.robotlegs.utilities.assetloader.events</apiName>
      <apiClassifier id="org.robotlegs.utilities.assetloader.events:AssetLoaderEvent">
         <apiName>AssetLoaderEvent</apiName>
         <apiClassifierDetail>
            <apiClassifierDef>
               <apiAccess value="public"/>
               <apiStatic/>
               <apiBaseClassifier>flash.events:Event</apiBaseClassifier>
            </apiClassifierDef>
         </apiClassifierDetail>
         <prolog>
            <asMetadata/>
         </prolog>
      </apiClassifier>
   </apiPackage>
   <apiPackage id="org.robotlegs.utilities.assetloader.patterns.asset.type">
      <apiName>org.robotlegs.utilities.assetloader.patterns.asset.type</apiName>
      <apiClassifier id="org.robotlegs.utilities.assetloader.patterns.asset.type:CSSAsset">
         <apiName>CSSAsset</apiName>
         <apiClassifierDetail>
            <apiClassifierDef>
               <apiAccess value="public"/>
               <apiStatic/>
               <apiBaseClassifier>org.robotlegs.utilities.assetloader.patterns.asset:Asset</apiBaseClassifier>
            </apiClassifierDef>
         </apiClassifierDetail>
         <prolog>
            <asMetadata/>
         </prolog>
      </apiClassifier>
      <apiClassifier id="org.robotlegs.utilities.assetloader.patterns.asset.type:DisplayObjectAsset">
         <apiName>DisplayObjectAsset</apiName>
         <apiClassifierDetail>
            <apiClassifierDef>
               <apiAccess value="public"/>
               <apiStatic/>
               <apiBaseClassifier>org.robotlegs.utilities.assetloader.patterns.asset:Asset</apiBaseClassifier>
            </apiClassifierDef>
         </apiClassifierDetail>
         <prolog>
            <asMetadata/>
         </prolog>
      </apiClassifier>
      <apiClassifier id="org.robotlegs.utilities.assetloader.patterns.asset.type:XMLAsset">
         <apiName>XMLAsset</apiName>
         <apiClassifierDetail>
            <apiClassifierDef>
               <apiAccess value="public"/>
               <apiStatic/>
               <apiBaseClassifier>org.robotlegs.utilities.assetloader.patterns.asset:Asset</apiBaseClassifier>
            </apiClassifierDef>
         </apiClassifierDetail>
         <prolog>
            <asMetadata/>
         </prolog>
      </apiClassifier>
      <apiClassifier id="org.robotlegs.utilities.assetloader.patterns.asset.type:SoundAsset">
         <apiName>SoundAsset</apiName>
         <apiClassifierDetail>
            <apiClassifierDef>
               <apiAccess value="public"/>
               <apiStatic/>
               <apiBaseClassifier>org.robotlegs.utilities.assetloader.patterns.asset:Asset</apiBaseClassifier>
            </apiClassifierDef>
         </apiClassifierDetail>
         <prolog>
            <asMetadata/>
         </prolog>
      </apiClassifier>
      <apiClassifier id="org.robotlegs.utilities.assetloader.patterns.asset.type:BitmapAsset">
         <apiName>BitmapAsset</apiName>
         <apiClassifierDetail>
            <apiClassifierDef>
               <apiAccess value="public"/>
               <apiStatic/>
               <apiBaseClassifier>org.robotlegs.utilities.assetloader.patterns.asset:Asset</apiBaseClassifier>
            </apiClassifierDef>
         </apiClassifierDetail>
         <prolog>
            <asMetadata/>
         </prolog>
      </apiClassifier>
   </apiPackage>
   <apiPackage id="org.robotlegs.utilities.assetloader.patterns.asset">
      <apiName>org.robotlegs.utilities.assetloader.patterns.asset</apiName>
      <apiClassifier id="org.robotlegs.utilities.assetloader.patterns.asset:Asset">
         <apiName>Asset</apiName>
         <apiClassifierDetail>
            <apiClassifierDef>
               <apiAccess value="public"/>
               <apiStatic/>
               <apiBaseInterface>org.robotlegs.utilities.assetloader.patterns.asset:IAsset</apiBaseInterface>
               <apiBaseClassifier>flash.events:EventDispatcher</apiBaseClassifier>
            </apiClassifierDef>
         </apiClassifierDetail>
         <prolog>
            <asMetadata/>
         </prolog>
      </apiClassifier>
      <apiClassifier id="org.robotlegs.utilities.assetloader.patterns.asset:IAsset">
         <apiName>IAsset</apiName>
         <apiClassifierDetail>
            <apiClassifierDef>
               <apiInterface/>
               <apiAccess value="public"/>
               <apiStatic/>
               <apiBaseClassifier/>
            </apiClassifierDef>
         </apiClassifierDetail>
         <prolog>
            <asMetadata/>
         </prolog>
      </apiClassifier>
   </apiPackage>
   <apiPackage id="org.robotlegs.utilities.assetloader.patterns.group">
      <apiName>org.robotlegs.utilities.assetloader.patterns.group</apiName>
      <apiClassifier id="org.robotlegs.utilities.assetloader.patterns.group:IGroup">
         <apiName>IGroup</apiName>
         <apiClassifierDetail>
            <apiClassifierDef>
               <apiInterface/>
               <apiAccess value="public"/>
               <apiStatic/>
               <apiBaseClassifier/>
            </apiClassifierDef>
         </apiClassifierDetail>
         <prolog>
            <asMetadata/>
         </prolog>
      </apiClassifier>
      <apiClassifier id="org.robotlegs.utilities.assetloader.patterns.group:Group">
         <apiName>Group</apiName>
         <apiClassifierDetail>
            <apiClassifierDef>
               <apiAccess value="public"/>
               <apiStatic/>
               <apiBaseInterface>org.robotlegs.utilities.assetloader.patterns.group:IGroup</apiBaseInterface>
               <apiBaseClassifier>flash.events:EventDispatcher</apiBaseClassifier>
            </apiClassifierDef>
         </apiClassifierDetail>
         <prolog>
            <asMetadata/>
         </prolog>
      </apiClassifier>
   </apiPackage>
   <apiPackage id="org.robotlegs.utilities.assetloader.utils">
      <apiName>org.robotlegs.utilities.assetloader.utils</apiName>
      <apiClassifier id="org.robotlegs.utilities.assetloader.utils:AssetUtil">
         <apiName>AssetUtil</apiName>
         <apiClassifierDetail>
            <apiClassifierDef>
               <apiAccess value="public"/>
               <apiStatic/>
               <apiBaseClassifier>Object</apiBaseClassifier>
            </apiClassifierDef>
         </apiClassifierDetail>
         <prolog>
            <asMetadata/>
         </prolog>
      </apiClassifier>
   </apiPackage>
   <apiPackage id="org.robotlegs.utilities.layers.controller.install">
      <apiName>org.robotlegs.utilities.layers.controller.install</apiName>
      <apiClassifier id="org.robotlegs.utilities.layers.controller.install:InstallLayersCommand">
         <apiName>InstallLayersCommand</apiName>
         <apiClassifierDetail>
            <apiClassifierDef>
               <apiAccess value="public"/>
               <apiStatic/>
               <apiBaseClassifier>org.robotlegs.mvcs:Command</apiBaseClassifier>
            </apiClassifierDef>
         </apiClassifierDetail>
         <prolog>
            <asMetadata/>
         </prolog>
      </apiClassifier>
   </apiPackage>
   <apiPackage id="org.robotlegs.utilities.layers.controller.layer">
      <apiName>org.robotlegs.utilities.layers.controller.layer</apiName>
      <apiClassifier id="org.robotlegs.utilities.layers.controller.layer:TransferLayerCommand">
         <apiName>TransferLayerCommand</apiName>
         <apiClassifierDetail>
            <apiClassifierDef>
               <apiAccess value="public"/>
               <apiStatic/>
               <apiBaseClassifier>org.robotlegs.mvcs:Command</apiBaseClassifier>
            </apiClassifierDef>
         </apiClassifierDetail>
         <prolog>
            <asMetadata/>
         </prolog>
      </apiClassifier>
      <apiClassifier id="org.robotlegs.utilities.layers.controller.layer:RemoveLayerCommand">
         <apiName>RemoveLayerCommand</apiName>
         <apiClassifierDetail>
            <apiClassifierDef>
               <apiAccess value="public"/>
               <apiStatic/>
               <apiBaseClassifier>org.robotlegs.mvcs:Command</apiBaseClassifier>
            </apiClassifierDef>
         </apiClassifierDetail>
         <prolog>
            <asMetadata/>
         </prolog>
      </apiClassifier>
      <apiClassifier id="org.robotlegs.utilities.layers.controller.layer:AddLayerCommand">
         <apiName>AddLayerCommand</apiName>
         <apiClassifierDetail>
            <apiClassifierDef>
               <apiAccess value="public"/>
               <apiStatic/>
               <apiBaseClassifier>org.robotlegs.mvcs:Command</apiBaseClassifier>
            </apiClassifierDef>
         </apiClassifierDetail>
         <prolog>
            <asMetadata/>
         </prolog>
      </apiClassifier>
   </apiPackage>
   <apiPackage id="org.robotlegs.utilities.layers.core">
      <apiName>org.robotlegs.utilities.layers.core</apiName>
      <apiClassifier id="org.robotlegs.utilities.layers.core:Layers">
         <apiName>Layers</apiName>
         <apiClassifierDetail>
            <apiClassifierDef>
               <apiAccess value="public"/>
               <apiStatic/>
               <apiBaseInterface>org.robotlegs.utilities.layers.core:ILayers</apiBaseInterface>
               <apiBaseClassifier>org.robotlegs.mvcs:Actor</apiBaseClassifier>
            </apiClassifierDef>
         </apiClassifierDetail>
         <prolog>
            <asMetadata/>
         </prolog>
      </apiClassifier>
      <apiClassifier id="org.robotlegs.utilities.layers.core:ILayers">
         <apiName>ILayers</apiName>
         <apiClassifierDetail>
            <apiClassifierDef>
               <apiInterface/>
               <apiAccess value="public"/>
               <apiStatic/>
               <apiBaseClassifier/>
            </apiClassifierDef>
         </apiClassifierDetail>
         <prolog>
            <asMetadata/>
         </prolog>
      </apiClassifier>
   </apiPackage>
   <apiPackage id="org.robotlegs.utilities.layers.error">
      <apiName>org.robotlegs.utilities.layers.error</apiName>
      <apiClassifier id="org.robotlegs.utilities.layers.error:LayersError">
         <apiName>LayersError</apiName>
         <apiClassifierDetail>
            <apiClassifierDef>
               <apiAccess value="public"/>
               <apiStatic/>
               <apiBaseClassifier>Error</apiBaseClassifier>
            </apiClassifierDef>
         </apiClassifierDetail>
         <prolog>
            <asMetadata/>
         </prolog>
      </apiClassifier>
   </apiPackage>
   <apiPackage id="org.robotlegs.utilities.layers.events">
      <apiName>org.robotlegs.utilities.layers.events</apiName>
      <apiClassifier id="org.robotlegs.utilities.layers.events:LayersEvent">
         <apiName>LayersEvent</apiName>
         <apiClassifierDetail>
            <apiClassifierDef>
               <apiAccess value="public"/>
               <apiStatic/>
               <apiBaseClassifier>flash.events:Event</apiBaseClassifier>
            </apiClassifierDef>
         </apiClassifierDetail>
         <prolog>
            <asMetadata/>
         </prolog>
      </apiClassifier>
   </apiPackage>
   <apiPackage id="org.robotlegs.utilities.layers.patterns.layer">
      <apiName>org.robotlegs.utilities.layers.patterns.layer</apiName>
      <apiClassifier id="org.robotlegs.utilities.layers.patterns.layer:Layer">
         <apiName>Layer</apiName>
         <apiClassifierDetail>
            <apiClassifierDef>
               <apiAccess value="public"/>
               <apiStatic/>
               <apiBaseInterface>org.robotlegs.utilities.layers.patterns.layer:ILayer</apiBaseInterface>
               <apiBaseClassifier>flash.display:Sprite</apiBaseClassifier>
            </apiClassifierDef>
         </apiClassifierDetail>
         <prolog>
            <asMetadata/>
         </prolog>
      </apiClassifier>
      <apiClassifier id="org.robotlegs.utilities.layers.patterns.layer:ILayer">
         <apiName>ILayer</apiName>
         <apiClassifierDetail>
            <apiClassifierDef>
               <apiInterface/>
               <apiAccess value="public"/>
               <apiStatic/>
               <apiBaseClassifier/>
            </apiClassifierDef>
         </apiClassifierDetail>
         <prolog>
            <asMetadata/>
         </prolog>
      </apiClassifier>
   </apiPackage>
   <apiPackage id="org.robotlegs.utilities.localizer.controller.data">
      <apiName>org.robotlegs.utilities.localizer.controller.data</apiName>
      <apiClassifier id="org.robotlegs.utilities.localizer.controller.data:LocalizeDataCommand">
         <apiName>LocalizeDataCommand</apiName>
         <apiClassifierDetail>
            <apiClassifierDef>
               <apiAccess value="public"/>
               <apiStatic/>
               <apiBaseClassifier>org.robotlegs.mvcs:Command</apiBaseClassifier>
            </apiClassifierDef>
         </apiClassifierDetail>
         <prolog>
            <asMetadata/>
         </prolog>
      </apiClassifier>
   </apiPackage>
   <apiPackage id="org.robotlegs.utilities.localizer.controller.install">
      <apiName>org.robotlegs.utilities.localizer.controller.install</apiName>
      <apiClassifier id="org.robotlegs.utilities.localizer.controller.install:InstallLocalizerCommand">
         <apiName>InstallLocalizerCommand</apiName>
         <apiClassifierDetail>
            <apiClassifierDef>
               <apiAccess value="public"/>
               <apiStatic/>
               <apiBaseClassifier>org.robotlegs.mvcs:Command</apiBaseClassifier>
            </apiClassifierDef>
         </apiClassifierDetail>
         <prolog>
            <asMetadata/>
         </prolog>
      </apiClassifier>
   </apiPackage>
   <apiPackage id="org.robotlegs.utilities.localizer.core">
      <apiName>org.robotlegs.utilities.localizer.core</apiName>
      <apiClassifier id="org.robotlegs.utilities.localizer.core:ILocalizer">
         <apiName>ILocalizer</apiName>
         <apiClassifierDetail>
            <apiClassifierDef>
               <apiInterface/>
               <apiAccess value="public"/>
               <apiStatic/>
               <apiBaseClassifier/>
            </apiClassifierDef>
         </apiClassifierDetail>
         <prolog>
            <asMetadata/>
         </prolog>
      </apiClassifier>
      <apiClassifier id="org.robotlegs.utilities.localizer.core:Localizer">
         <apiName>Localizer</apiName>
         <apiClassifierDetail>
            <apiClassifierDef>
               <apiAccess value="public"/>
               <apiStatic/>
               <apiBaseInterface>org.robotlegs.utilities.localizer.core:ILocalizer</apiBaseInterface>
               <apiBaseClassifier>org.robotlegs.mvcs:Actor</apiBaseClassifier>
            </apiClassifierDef>
         </apiClassifierDetail>
         <prolog>
            <asMetadata/>
         </prolog>
      </apiClassifier>
   </apiPackage>
   <apiPackage id="org.robotlegs.utilities.localizer.error">
      <apiName>org.robotlegs.utilities.localizer.error</apiName>
      <apiClassifier id="org.robotlegs.utilities.localizer.error:LocalizerError">
         <apiName>LocalizerError</apiName>
         <apiClassifierDetail>
            <apiClassifierDef>
               <apiAccess value="public"/>
               <apiStatic/>
               <apiBaseClassifier>Error</apiBaseClassifier>
            </apiClassifierDef>
         </apiClassifierDetail>
         <prolog>
            <asMetadata/>
         </prolog>
      </apiClassifier>
   </apiPackage>
   <apiPackage id="org.robotlegs.utilities.localizer.events">
      <apiName>org.robotlegs.utilities.localizer.events</apiName>
      <apiClassifier id="org.robotlegs.utilities.localizer.events:LocalizerEvent">
         <apiName>LocalizerEvent</apiName>
         <apiClassifierDetail>
            <apiClassifierDef>
               <apiAccess value="public"/>
               <apiStatic/>
               <apiBaseClassifier>flash.events:Event</apiBaseClassifier>
            </apiClassifierDef>
         </apiClassifierDetail>
         <prolog>
            <asMetadata/>
         </prolog>
      </apiClassifier>
   </apiPackage>
   <apiPackage id="org.robotlegs.utilities.localizer.patterns.locale">
      <apiName>org.robotlegs.utilities.localizer.patterns.locale</apiName>
      <apiClassifier id="org.robotlegs.utilities.localizer.patterns.locale:Locale">
         <apiName>Locale</apiName>
         <apiClassifierDetail>
            <apiClassifierDef>
               <apiAccess value="public"/>
               <apiStatic/>
               <apiBaseInterface>org.robotlegs.utilities.localizer.patterns.locale:ILocale</apiBaseInterface>
               <apiBaseClassifier>Object</apiBaseClassifier>
            </apiClassifierDef>
         </apiClassifierDetail>
         <prolog>
            <asMetadata/>
         </prolog>
      </apiClassifier>
      <apiClassifier id="org.robotlegs.utilities.localizer.patterns.locale:ILocale">
         <apiName>ILocale</apiName>
         <apiClassifierDetail>
            <apiClassifierDef>
               <apiInterface/>
               <apiAccess value="public"/>
               <apiStatic/>
               <apiBaseClassifier/>
            </apiClassifierDef>
         </apiClassifierDetail>
         <prolog>
            <asMetadata/>
         </prolog>
      </apiClassifier>
   </apiPackage>
   <apiPackage id="org.robotlegs.utilities.navigator.controller.install">
      <apiName>org.robotlegs.utilities.navigator.controller.install</apiName>
      <apiClassifier id="org.robotlegs.utilities.navigator.controller.install:InstallNavigatorCommand">
         <apiName>InstallNavigatorCommand</apiName>
         <apiClassifierDetail>
            <apiClassifierDef>
               <apiAccess value="public"/>
               <apiStatic/>
               <apiBaseClassifier>org.robotlegs.mvcs:Command</apiBaseClassifier>
            </apiClassifierDef>
         </apiClassifierDetail>
         <prolog>
            <asMetadata/>
         </prolog>
      </apiClassifier>
   </apiPackage>
   <apiPackage id="org.robotlegs.utilities.navigator.controller.page">
      <apiName>org.robotlegs.utilities.navigator.controller.page</apiName>
      <apiClassifier id="org.robotlegs.utilities.navigator.controller.page:NavigateToPageCommand">
         <apiName>NavigateToPageCommand</apiName>
         <apiClassifierDetail>
            <apiClassifierDef>
               <apiAccess value="public"/>
               <apiStatic/>
               <apiBaseClassifier>org.robotlegs.mvcs:Command</apiBaseClassifier>
            </apiClassifierDef>
         </apiClassifierDetail>
         <prolog>
            <asMetadata/>
         </prolog>
      </apiClassifier>
   </apiPackage>
   <apiPackage id="org.robotlegs.utilities.navigator.core">
      <apiName>org.robotlegs.utilities.navigator.core</apiName>
      <apiClassifier id="org.robotlegs.utilities.navigator.core:INavigator">
         <apiName>INavigator</apiName>
         <apiClassifierDetail>
            <apiClassifierDef>
               <apiInterface/>
               <apiAccess value="public"/>
               <apiStatic/>
               <apiBaseClassifier/>
            </apiClassifierDef>
         </apiClassifierDetail>
         <prolog>
            <asMetadata/>
         </prolog>
      </apiClassifier>
      <apiClassifier id="org.robotlegs.utilities.navigator.core:Navigator">
         <apiName>Navigator</apiName>
         <apiClassifierDetail>
            <apiClassifierDef>
               <apiAccess value="public"/>
               <apiStatic/>
               <apiBaseInterface>org.robotlegs.utilities.navigator.core:INavigator</apiBaseInterface>
               <apiBaseClassifier>org.robotlegs.mvcs:Actor</apiBaseClassifier>
            </apiClassifierDef>
         </apiClassifierDetail>
         <prolog>
            <asMetadata/>
         </prolog>
      </apiClassifier>
   </apiPackage>
   <apiPackage id="org.robotlegs.utilities.navigator.error">
      <apiName>org.robotlegs.utilities.navigator.error</apiName>
      <apiClassifier id="org.robotlegs.utilities.navigator.error:NavigatorError">
         <apiName>NavigatorError</apiName>
         <apiClassifierDetail>
            <apiClassifierDef>
               <apiAccess value="public"/>
               <apiStatic/>
               <apiBaseClassifier>Error</apiBaseClassifier>
            </apiClassifierDef>
         </apiClassifierDetail>
         <prolog>
            <asMetadata/>
         </prolog>
      </apiClassifier>
   </apiPackage>
   <apiPackage id="org.robotlegs.utilities.navigator.events">
      <apiName>org.robotlegs.utilities.navigator.events</apiName>
      <apiClassifier id="org.robotlegs.utilities.navigator.events:NavigatorEvent">
         <apiName>NavigatorEvent</apiName>
         <apiClassifierDetail>
            <apiClassifierDef>
               <apiAccess value="public"/>
               <apiStatic/>
               <apiBaseClassifier>flash.events:Event</apiBaseClassifier>
            </apiClassifierDef>
         </apiClassifierDetail>
         <prolog>
            <asMetadata/>
         </prolog>
      </apiClassifier>
   </apiPackage>
   <apiPackage id="org.robotlegs.utilities.navigator.patterns.page">
      <apiName>org.robotlegs.utilities.navigator.patterns.page</apiName>
      <apiClassifier id="org.robotlegs.utilities.navigator.patterns.page:Page">
         <apiName>Page</apiName>
         <apiClassifierDetail>
            <apiClassifierDef>
               <apiAccess value="public"/>
               <apiStatic/>
               <apiBaseInterface>org.robotlegs.utilities.navigator.patterns.page:IPage</apiBaseInterface>
               <apiBaseClassifier>flash.display:Sprite</apiBaseClassifier>
            </apiClassifierDef>
         </apiClassifierDetail>
         <prolog>
            <asMetadata/>
         </prolog>
      </apiClassifier>
      <apiClassifier id="org.robotlegs.utilities.navigator.patterns.page:IPage">
         <apiName>IPage</apiName>
         <apiClassifierDetail>
            <apiClassifierDef>
               <apiInterface/>
               <apiAccess value="public"/>
               <apiStatic/>
               <apiBaseClassifier/>
            </apiClassifierDef>
         </apiClassifierDetail>
         <prolog>
            <asMetadata/>
         </prolog>
      </apiClassifier>
   </apiPackage>
   <apiPackage id="org.robotlegs.utilities.navigator.patterns.transition">
      <apiName>org.robotlegs.utilities.navigator.patterns.transition</apiName>
      <apiClassifier id="org.robotlegs.utilities.navigator.patterns.transition:ITransition">
         <apiName>ITransition</apiName>
         <apiClassifierDetail>
            <apiClassifierDef>
               <apiInterface/>
               <apiAccess value="public"/>
               <apiStatic/>
               <apiBaseClassifier/>
            </apiClassifierDef>
         </apiClassifierDetail>
         <prolog>
            <asMetadata/>
         </prolog>
      </apiClassifier>
      <apiClassifier id="org.robotlegs.utilities.navigator.patterns.transition:Transition">
         <apiName>Transition</apiName>
         <apiClassifierDetail>
            <apiClassifierDef>
               <apiAccess value="public"/>
               <apiStatic/>
               <apiBaseInterface>org.robotlegs.utilities.navigator.patterns.transition:ITransition</apiBaseInterface>
               <apiBaseClassifier>Object</apiBaseClassifier>
            </apiClassifierDef>
         </apiClassifierDetail>
         <prolog>
            <asMetadata/>
         </prolog>
      </apiClassifier>
   </apiPackage>
   <apiPackage id="org.robotlegs.utilities.navigator.utils">
      <apiName>org.robotlegs.utilities.navigator.utils</apiName>
      <apiClassifier id="org.robotlegs.utilities.navigator.utils:NavigatorUtil">
         <apiName>NavigatorUtil</apiName>
         <apiClassifierDetail>
            <apiClassifierDef>
               <apiAccess value="public"/>
               <apiStatic/>
               <apiBaseClassifier>Object</apiBaseClassifier>
            </apiClassifierDef>
         </apiClassifierDetail>
         <prolog>
            <asMetadata/>
         </prolog>
      </apiClassifier>
   </apiPackage>
   <apiPackage id="org.robotlegs.utilities.router.controller.install">
      <apiName>org.robotlegs.utilities.router.controller.install</apiName>
      <apiClassifier id="org.robotlegs.utilities.router.controller.install:InstallRouterCommand">
         <apiName>InstallRouterCommand</apiName>
         <apiClassifierDetail>
            <apiClassifierDef>
               <apiAccess value="public"/>
               <apiStatic/>
               <apiBaseClassifier>org.robotlegs.mvcs:Command</apiBaseClassifier>
            </apiClassifierDef>
         </apiClassifierDetail>
         <prolog>
            <asMetadata/>
         </prolog>
      </apiClassifier>
   </apiPackage>
   <apiPackage id="org.robotlegs.utilities.router.controller.route">
      <apiName>org.robotlegs.utilities.router.controller.route</apiName>
      <apiClassifier id="org.robotlegs.utilities.router.controller.route:MapEventToRouteCommand">
         <apiName>MapEventToRouteCommand</apiName>
         <apiClassifierDetail>
            <apiClassifierDef>
               <apiAccess value="public"/>
               <apiStatic/>
               <apiBaseClassifier>org.robotlegs.mvcs:Command</apiBaseClassifier>
            </apiClassifierDef>
         </apiClassifierDetail>
         <prolog>
            <asMetadata/>
         </prolog>
      </apiClassifier>
      <apiClassifier id="org.robotlegs.utilities.router.controller.route:RemoveEventFromRouteCommand">
         <apiName>RemoveEventFromRouteCommand</apiName>
         <apiClassifierDetail>
            <apiClassifierDef>
               <apiAccess value="public"/>
               <apiStatic/>
               <apiBaseClassifier>org.robotlegs.mvcs:Command</apiBaseClassifier>
            </apiClassifierDef>
         </apiClassifierDetail>
         <prolog>
            <asMetadata/>
         </prolog>
      </apiClassifier>
   </apiPackage>
   <apiPackage id="org.robotlegs.utilities.router.core">
      <apiName>org.robotlegs.utilities.router.core</apiName>
      <apiClassifier id="org.robotlegs.utilities.router.core:IRouter">
         <apiName>IRouter</apiName>
         <apiClassifierDetail>
            <apiClassifierDef>
               <apiInterface/>
               <apiAccess value="public"/>
               <apiStatic/>
               <apiBaseClassifier/>
            </apiClassifierDef>
         </apiClassifierDetail>
         <prolog>
            <asMetadata/>
         </prolog>
      </apiClassifier>
      <apiClassifier id="org.robotlegs.utilities.router.core:Router">
         <apiName>Router</apiName>
         <apiClassifierDetail>
            <apiClassifierDef>
               <apiAccess value="public"/>
               <apiStatic/>
               <apiBaseInterface>org.robotlegs.utilities.router.core:IRouter</apiBaseInterface>
               <apiBaseClassifier>org.robotlegs.mvcs:Actor</apiBaseClassifier>
            </apiClassifierDef>
         </apiClassifierDetail>
         <prolog>
            <asMetadata/>
         </prolog>
      </apiClassifier>
   </apiPackage>
   <apiPackage id="org.robotlegs.utilities.router.error">
      <apiName>org.robotlegs.utilities.router.error</apiName>
      <apiClassifier id="org.robotlegs.utilities.router.error:RouterError">
         <apiName>RouterError</apiName>
         <apiClassifierDetail>
            <apiClassifierDef>
               <apiAccess value="public"/>
               <apiStatic/>
               <apiBaseClassifier>Error</apiBaseClassifier>
            </apiClassifierDef>
         </apiClassifierDetail>
         <prolog>
            <asMetadata/>
         </prolog>
      </apiClassifier>
   </apiPackage>
   <apiPackage id="org.robotlegs.utilities.router.events">
      <apiName>org.robotlegs.utilities.router.events</apiName>
      <apiClassifier id="org.robotlegs.utilities.router.events:RouterEvent">
         <apiName>RouterEvent</apiName>
         <apiClassifierDetail>
            <apiClassifierDef>
               <apiAccess value="public"/>
               <apiStatic/>
               <apiBaseClassifier>flash.events:Event</apiBaseClassifier>
            </apiClassifierDef>
         </apiClassifierDetail>
         <prolog>
            <asMetadata/>
         </prolog>
      </apiClassifier>
   </apiPackage>
   <apiPackage id="org.robotlegs.utilities.router.patterns.pattern">
      <apiName>org.robotlegs.utilities.router.patterns.pattern</apiName>
      <apiClassifier id="org.robotlegs.utilities.router.patterns.pattern:Pattern">
         <apiName>Pattern</apiName>
         <apiClassifierDetail>
            <apiClassifierDef>
               <apiAccess value="public"/>
               <apiStatic/>
               <apiBaseInterface>org.robotlegs.utilities.router.patterns.pattern:IPattern</apiBaseInterface>
               <apiBaseClassifier>Object</apiBaseClassifier>
            </apiClassifierDef>
         </apiClassifierDetail>
         <prolog>
            <asMetadata/>
         </prolog>
      </apiClassifier>
      <apiClassifier id="org.robotlegs.utilities.router.patterns.pattern:IPattern">
         <apiName>IPattern</apiName>
         <apiClassifierDetail>
            <apiClassifierDef>
               <apiInterface/>
               <apiAccess value="public"/>
               <apiStatic/>
               <apiBaseClassifier/>
            </apiClassifierDef>
         </apiClassifierDetail>
         <prolog>
            <asMetadata/>
         </prolog>
      </apiClassifier>
   </apiPackage>
   <apiPackage id="org.robotlegs.utilities.router.patterns.route">
      <apiName>org.robotlegs.utilities.router.patterns.route</apiName>
      <apiClassifier id="org.robotlegs.utilities.router.patterns.route:Route">
         <apiName>Route</apiName>
         <apiClassifierDetail>
            <apiClassifierDef>
               <apiAccess value="public"/>
               <apiDynamic/>
               <apiBaseClassifier>flash.utils:Proxy</apiBaseClassifier>
            </apiClassifierDef>
         </apiClassifierDetail>
         <prolog>
            <asMetadata/>
         </prolog>
      </apiClassifier>
   </apiPackage>
   <apiPackage id="org.robotlegs.utilities.styles.controller.install">
      <apiName>org.robotlegs.utilities.styles.controller.install</apiName>
      <apiClassifier id="org.robotlegs.utilities.styles.controller.install:InstallStylesCommand">
         <apiName>InstallStylesCommand</apiName>
         <apiClassifierDetail>
            <apiClassifierDef>
               <apiAccess value="public"/>
               <apiStatic/>
               <apiBaseClassifier>org.robotlegs.mvcs:Command</apiBaseClassifier>
            </apiClassifierDef>
         </apiClassifierDetail>
         <prolog>
            <asMetadata/>
         </prolog>
      </apiClassifier>
   </apiPackage>
   <apiPackage id="org.robotlegs.utilities.styles.core">
      <apiName>org.robotlegs.utilities.styles.core</apiName>
      <apiClassifier id="org.robotlegs.utilities.styles.core:IStyles">
         <apiName>IStyles</apiName>
         <apiClassifierDetail>
            <apiClassifierDef>
               <apiInterface/>
               <apiAccess value="public"/>
               <apiStatic/>
               <apiBaseClassifier/>
            </apiClassifierDef>
         </apiClassifierDetail>
         <prolog>
            <asMetadata/>
         </prolog>
      </apiClassifier>
      <apiClassifier id="org.robotlegs.utilities.styles.core:Styles">
         <apiName>Styles</apiName>
         <apiClassifierDetail>
            <apiClassifierDef>
               <apiAccess value="public"/>
               <apiStatic/>
               <apiBaseInterface>org.robotlegs.utilities.styles.core:IStyles</apiBaseInterface>
               <apiBaseClassifier>org.robotlegs.mvcs:Actor</apiBaseClassifier>
            </apiClassifierDef>
         </apiClassifierDetail>
         <prolog>
            <asMetadata/>
         </prolog>
      </apiClassifier>
   </apiPackage>
   <apiPackage id="org.robotlegs.utilities.styles.error">
      <apiName>org.robotlegs.utilities.styles.error</apiName>
      <apiClassifier id="org.robotlegs.utilities.styles.error:StylesError">
         <apiName>StylesError</apiName>
         <apiClassifierDetail>
            <apiClassifierDef>
               <apiAccess value="public"/>
               <apiStatic/>
               <apiBaseClassifier>Error</apiBaseClassifier>
            </apiClassifierDef>
         </apiClassifierDetail>
         <prolog>
            <asMetadata/>
         </prolog>
      </apiClassifier>
   </apiPackage>
   <apiPackage id="org.robotlegs.utilities.styles.events">
      <apiName>org.robotlegs.utilities.styles.events</apiName>
      <apiClassifier id="org.robotlegs.utilities.styles.events:StylesEvent">
         <apiName>StylesEvent</apiName>
         <apiClassifierDetail>
            <apiClassifierDef>
               <apiAccess value="public"/>
               <apiStatic/>
               <apiBaseClassifier>flash.events:Event</apiBaseClassifier>
            </apiClassifierDef>
         </apiClassifierDetail>
         <prolog>
            <asMetadata/>
         </prolog>
      </apiClassifier>
   </apiPackage>
   <apiPackage id="org.robotlegs.utilities.styles.view">
      <apiName>org.robotlegs.utilities.styles.view</apiName>
      <apiClassifier id="org.robotlegs.utilities.styles.view:StylesTextfield">
         <apiName>StylesTextfield</apiName>
         <apiClassifierDetail>
            <apiClassifierDef>
               <apiAccess value="public"/>
               <apiStatic/>
               <apiBaseClassifier>flash.text:TextField</apiBaseClassifier>
            </apiClassifierDef>
         </apiClassifierDetail>
         <prolog>
            <asMetadata/>
         </prolog>
      </apiClassifier>
   </apiPackage>
   <apiPackage id="org.robotlegs.utilities">
      <apiName>org.robotlegs.utilities</apiName>
      <apiClassifier id="org.robotlegs.utilities:Utilities">
         <apiName>Utilities</apiName>
         <apiClassifierDetail>
            <apiClassifierDef>
               <apiAccess value="public"/>
               <apiStatic/>
               <apiBaseClassifier>Object</apiBaseClassifier>
            </apiClassifierDef>
         </apiClassifierDetail>
         <prolog>
            <asMetadata/>
         </prolog>
      </apiClassifier>
   </apiPackage>
   <apiPackage id="org.robotlegs.utils">
      <apiName>org.robotlegs.utils</apiName>
      <apiClassifier id="org.robotlegs.utils:ClassUtil">
         <apiName>ClassUtil</apiName>
         <apiClassifierDetail>
            <apiClassifierDef>
               <apiAccess value="public"/>
               <apiStatic/>
               <apiBaseClassifier>Object</apiBaseClassifier>
            </apiClassifierDef>
         </apiClassifierDetail>
         <prolog>
            <asMetadata/>
         </prolog>
      </apiClassifier>
   </apiPackage>
</allClasses>